element,id,geometry,addr:city,addr:country,addr:housenumber,addr:postcode,addr:street,addr:suburb,amenity,check_date,check_date:opening_hours,description,name,opening_hours,phone,ref:isil,toilets:wheelchair,website,wheelchair,wheelchair:description,wikidata,wikimedia_commons,wikipedia,contact:phone,internet_access,internet_access:fee,internet_access:operator,contact:email,contact:website,garden:type,note,operator,wheelchair:description:de,email,short_name,name:en,operator:type,operator:wikidata,ref,air_conditioning,access,changing_table,kids_area:indoor,level,source,toilets,toilets:access,alt_name,contact:fax,outdoor_seating,fax,room:group_study,room:study_cabin,service:copy,service:scanner,addr:housename,addr:place,layer,name:etymology:wikidata,name:de,operator:wikipedia,official_name,addr:floor,internet_access:ssid,fixme,old_name,books:language:de,books:language:en,books:language:es,books:language:fr,books:language:ru,dog,indoor,language:de,language:en,language:others,name:it,smoking,wheelchair:description:en,wheelchair:description:eo,facebook,fee:icom_member,loc_name,min_age,name:fr,image,logo,ref:vatin,entrance,books,survey:date,ref:bik,ref:dbs,start_date,contact:facebook,contact:instagram,description:de,building,roof:shape,brand,building:colour,building:levels,building:material,heritage,heritage:operator,lda:criteria,network,network:short,network:wikidata,network:wikipedia,ref:lda,roof:levels,roof:colour,construction,postal_code,contact:twitter,short_name:en,name:ja,heritage:website,architect,name:ru,polling_station,building:part,blind:description:de,alt_name_1,baby_feeding,building:levels:underground,payment:cash,payment:credit_cards,payment:debit_cards,payment:girocard,payment:mastercard,payment:visa,room,contact:mastodon,mapillary,research_institution,type,architect:wikidata,branch,building:architecture,fee,name:es,name:he,name:ko,name:no,name:pl,name:tr,name:zh,wheelchair:url,year_of_construction,roof:material
node,29071031,POINT (13.3475136 52.5312448),Berlin,DE,33,10559,Perleberger Straße,Moabit,library,2025-07-10,2025-07-10,"Mo.-Fr. 11.00 - 19.30 Uhr, Sa. 10.00 - 14.00 Uhr",Bruno-Lösche-Bibliothek,Mo-Fr 10:00-19:30; Sa 10:00-14:00,+49 30901833025,DE-B707,no,http://www.berlin.de/stadtbibliothek-mitte/bibliotheken/bruno-loesche-bibliothek/,yes,Hat eine Rampe durch die Aktion www.tausendundeinerampe.de,Q28681449,Category:Bruno-Lösche-Bücherei,de:Bruno-Lösche-Bibliothek,,,,,,,,,,,,,,,,,,,,,,,,,,,,,,,,,,,,,,,,,,,,,,,,,,,,,,,,,,,,,,,,,,,,,,,,,,,,,,,,,,,,,,,,,,,,,,,,,,,,,,,,,,,,,,,,,,,,,,,,,,,,,,,,,
node,60848456,POINT (13.4708382 52.5307772),Berlin,DE,14,10369,Anton-Saefkow-Platz,,library,,2025-03-04,,Anton-Saefkow-Bibliothek,"Sa 09:00-18:00; Mo,Tu 09:00-19:00; We 13:00-19:00; Th,Fr 09:00-18:00",,,,http://www.berlin.de/ba-lichtenberg/auf-einen-blick/buergerservice/bildung/artikel.298020.php,yes,,Q28738330,,,+4930902963773,,,,,,,,,,,,,,,,,,,,,,,,,,,,,,,,,,,,,,,,,,,,,,,,,,,,,,,,,,,,,,,,,,,,,,,,,,,,,,,,,,,,,,,,,,,,,,,,,,,,,,,,,,,,,,,,,,,,,,,,,,,,,,,,
node,203557001,POINT (13.538715 52.5281578),Berlin,DE,4,12681,Helene-Weigel-Platz,Marzahn,library,,,,Stadtteilbibliothek Erich Weinert,"Mo,Tu,Th 14:00-18:00; We,Fr 09:00-13:00; Su,PH off; 2024 May 10,2024 Jun 12,2024 Oct 04,2024 Nov 08,2024 Dec 23,2024 Dec 27,2024 Dec 30 off",+49 30 5429251,,,https://www.berlin.de/bibliotheken-mh/bibliotheken/stadtteilbibliothek-erich-weinert/,limited,Zugang ohne Stufen,Q110626815,,,,,,,,,,,,,,,,,,,,,,,,,,,,,,,,,,,,,,,,,,,,,,,,,,,,,,,,,,,,,,,,,,,,,,,,,,,,,,,,,,,,,,,,,,,,,,,,,,,,,,,,,,,,,,,,,,,,,,,,,,,,,,,,,,,
node,256922190,POINT (13.2871861 52.5375039),Berlin,DE,18,13627,Halemweg,Charlottenburg-Nord,library,,,WLAN frei für 30 Minuten,Stadtteilbibliothek Halemweg,,,none,,,yes,,Q55153230,,,,wlan,no,QSC AG,,,,,,,,,,,,,,,,,,,,,,,,,,,,,,,,,,,,,,,,,,,,,,,,,,,,,,,,,,,,,,,,,,,,,,,,,,,,,,,,,,,,,,,,,,,,,,,,,,,,,,,,,,,,,,,,,,,,,,,,,,,,,
node,257708789,POINT (13.2013864 52.5361334),Berlin,DE,13,13597,Carl-Schurz-Straße,Spandau,library,,,,Bezirkszentralbibliothek Spandau,"Mo-Fr 11:00-19:00;
Mo-Fr 10:00-11:00 ""ohne Fachpersonal"";
Sa 10:00-15:00;
Sa 15:00-18:00 ""ohne Fachpersonal"";
So 10:00-18:00 ""ohne Fachpersonal"";",,,,,yes,,Q15848809,,de:Stadtbibliothek Spandau,+49 30 90279 5537,wlan,,,bibliothek@ba-spandau.berlin.de,https://www.berlin.de/stadtbibliothek-spandau/bibliotheken/bezirkszentralbibliothek/,,,,,,,,,,,,,,,,,,,,,,,,,,,,,,,,,,,,,,,,,,,,,,,,,,,,,,,,,,,,,,,,,,,,,,,,,,,,,,,,,,,,,,,,,,,,,,,,,,,,,,,,,,,,,,,,,,,,,,,,,,,
node,263679066,POINT (13.556704 52.54722),Berlin,DE,52-54,12679,Marzahner Promenade,Marzahn,library,,,,Bezirkszentralbibliothek Mark Twain,"Mo,Tu,Th,Fr 10:00-19:30; We 14:00-19:30; Sa 10:00-14:00",,DE-B2228,,https://www.berlin.de/bibliotheken-mh/,yes,Die obere Etage der Bibliothek ist über Umwege durch das Treppenhaus erreichbar.,Q28681443,Category:Bezirkszentralbibliothek Mark Twain,,+49 30 54704154,,,,,https://www.berlin.de/bibliotheken-mh/bibliotheken/bezirkszentralbibliothek-mark-twain/,roof_garden,Weltacker-Club-Mitglied,,,,,,,,,,,,,,,,,,,,,,,,,,,,,,,,,,,,,,,,,,,,,,,,,,,,,,,,,,,,,,,,,,,,,,,,,,,,,,,,,,,,,,,,,,,,,,,,,,,,,,,,,,,,,,,,,,,,,,,,,
node,264776935,POINT (13.369701 52.5068092),,,37,10785,Potsdamer Straße,,library,,2022-10-03,,Ibero-Amerikanisches Institut,Mo-Sa 08:00-22:00,,DE-204,no,https://www.iai.spk-berlin.de/,limited,,Q28737641,,,,wlan,,,,,,,Stiftung Preußischer Kulturbesitz,"Veranstaltungsraum Símon Bolívar-Saal nicht zugänglich per Fahrstuhl, Anmeldung erforderlich, keine behindertengerechte Toilette",,,,,,,,,,,,,,,,,,,,,,,,,,,,,,,,,,,,,,,,,,,,,,,,,,,,,,,,,,,,,,,,,,,,,,,,,,,,,,,,,,,,,,,,,,,,,,,,,,,,,,,,,,,,,,,,,,,,,,,
node,266540876,POINT (13.3986959 52.5316059),Berlin,DE,181,10119,Brunnenstraße,Mitte,library,,,,Bezirkszentralbibliothek Philipp Schaeffer,Mo-Fr 10:00-19:30; Sa 10:00-14:00,+49 30 90182 4444;+49 30 90182 4422;+49 30 90182 4431,DE-B456,yes,http://www.berlin.de/stadtbibliothek-mitte/bibliotheken/bezirkszentralbibliothek-philipp-schaeffer/,yes,"Has raised platform and lower floor with steps in children's section on basement. In other words, it has been made less accessible by design.",Q28657184,Category:Philipp-Schaeffer-Bibliothek,de:Bezirkszentralbibliothek Philipp Schaeffer,,wlan,no,,,,,,,,service@stb-mitte.de,Philipp-Schaeffer-Bibliothek,,,,,,,,,,,,,,,,,,,,,,,,,,,,,,,,,,,,,,,,,,,,,,,,,,,,,,,,,,,,,,,,,,,,,,,,,,,,,,,,,,,,,,,,,,,,,,,,,,,,,,,,,,,,,,,,,,,,,
node,266629485,POINT (13.6127893 52.5055546),Berlin,DE,24-26,12623,Alt-Mahlsdorf,Mahlsdorf,library,,,,Stadtteilbibliothek Mahlsdorf,"Mo 13:00-17:00, Tu,Th 13:00-19:00, We,Fr 10:00-14:00; PH off; 2024 May 10,2024 Jun 12,2024 Oct 04,2024 Nov 08,2024 Dec 23,2024 Dec 27,2024 Dec 30 off",+49 30 5676866,,,https://www.berlin.de/bibliotheken-mh/bibliotheken/stadtteilbibliothek-mahlsdorf/,yes,,Q125306890,,,,wlan,,,,,,,,,bibl.service@ba-mh.berlin.de,,,,,,,,,,,,,,,,,,,,,,,,,,,,,,,,,,,,,,,,,,,,,,,,,,,,,,,,,,,,,,,,,,,,,,,,,,,,,,,,,,,,,,,,,,,,,,,,,,,,,,,,,,,,,,,,,,,,,,
node,271685475,POINT (13.2883334 52.4518573),Berlin,DE,45,14195,Habelschwerdter Allee,Dahlem,library,,,,Philologische Bibliothek,Mo-Fr 09:00-22:00; Sa-Su 10:00-20:00,,DE-188-920,yes,https://www.fu-berlin.de/sites/philbib/index.html,yes,,Q875031,,de:Philologische Bibliothek der Freien Universität Berlin,,yes,,,,,,,Freie Universität Berlin,,,,Philological Library,university,Q2496344,DE-188-920,,,,,,,,,,,,,,,,,,,,,,,,,,,,,,,,,,,,,,,,,,,,,,,,,,,,,,,,,,,,,,,,,,,,,,,,,,,,,,,,,,,,,,,,,,,,,,,,,,,,,,,,,,,,,,,,,
node,271875991,POINT (13.2902597 52.4535775),Berlin,DE,23/25,14195,Fabeckstraße,Dahlem,library,,2025-08-17,,"Campusbibliothek Natur-, Kultur- und Bildungswissenschaften, Mathematik, Informatik und Psychologie",Mo-Fr 09:00-22:00; Sa-Su 10:00-20:00; PH off,+493083856384,DE-188-930,yes,https://www.fu-berlin.de/sites/campusbib/,limited,,,,,,wlan,,,,,,,Freie Universität Berlin,,auskunft@campusbib.fu-berlin.de,,,university,Q2496344,,yes,,,,,,,,,,,,,,,,,,,,,,,,,,,,,,,,,,,,,,,,,,,,,,,,,,,,,,,,,,,,,,,,,,,,,,,,,,,,,,,,,,,,,,,,,,,,,,,,,,,,,,,,,,,,,,,,
node,281375131,POINT (13.4528367 52.5477387),Berlin,DE,41,13088,Bizetstraße,Weißensee,library,,2025-07-03,,Wolfdietrich-Schnurre-Bibliothek,Mo 10:00-19:00; Tu 10:00-17:00; We 13:00-19:00; Th 10:00-19:00; Fr 10:00-17:00,+49 30 90295 3861,,,http://www.berlin.de/ba-pankow/stadtbibliothek/wolfdiehttps://www.berlin.de/stadtbibliothek-pankow/bibliotheken/wolfdietrich-schnurre-bibliothek/trich-schnurre/,limited,,Q28681459,,,,wlan,no,,,,,,,,wolfdietrich-schnurre-bibliothek@ba-pankow.berlin.de,,,,,,,,,,,,,,,,,,,,,,,,,,,,,,,,,,,,,,,,,,,,,,,,,,,,,,,,,,,,,,,,,,,,,,,,,,,,,,,,,,,,,,,,,,,,,,,,,,,,,,,,,,,,,,,,,,,,,,
node,293137702,POINT (13.4917041 52.616548),,,,,,,library,,,,Stadtteilbibliothek Karow,,,,,,yes,,Q125306821,,,,,,,,,,,,,,,,,,,,,,,,,,,,,,,,,,,,,,,,,,,,,,,,,,,,,,,,,,,,,,,,,,,,,,,,,,,,,,,,,,,,,,,,,,,,,,,,,,,,,,,,,,,,,,,,,,,,,,,,,,,,,,,,,,,
node,308811018,POINT (13.414088 52.5492616),Berlin,DE,75,10439,Schönhauser Allee,Prenzlauer Berg,library,2025-08-15,2025-08-15,,Bettina von Arnim Bibliothek,"Mo-We,Fr 13:00-19:00; Th 10:00-17:00",+4930902956933,,yes,https://www.berlin.de/stadtbibliothek-pankow/bibliotheken/bettina-von-arnim-bibliothek/,yes,,Q125298945,,,,wlan,,,,,,,,,mailto:bettina-von-arnim.bibliothek@ba-pankow.berlin.de,,,public,,,,yes,yes,yes,3,survey,yes,yes,,,,,,,,,,,,,,,,,,,,,,,,,,,,,,,,,,,,,,,,,,,,,,,,,,,,,,,,,,,,,,,,,,,,,,,,,,,,,,,,,,,,,,,,,,,,,,,,,,,,,,,,,
node,323991172,POINT (13.4813674 52.5134373),Berlin,,149,,Frankfurter Allee,,library,2024-06-16,,,Egon-Erwin-Kisch-Bibliothek,"We 13:00-18:00; Sa 09:00-18:00; Su-Tu, Th-Fr 10:00-18:00",+49305556719,,,https://www.berlin.de/stadtbibliothek-lichtenberg/standorte/egon-erwin-kisch-bibliothek/,limited,,Q125306828,,,,wlan,no,,,,,,,,,,,,,,,,,,2,,,,,,,,,,,,,,,,,,,,,,,,,,,,,,,,,,,,,,,,,,,,,,,,,,,,,,,,,,,,,,,,,,,,,,,,,,,,,,,,,,,,,,,,,,,,,,,,,,,,,,,,,,,,
node,333343782,POINT (13.4327729 52.4819616),Berlin,DE,66,12043,Karl-Marx-Straße,Neukölln,library,2023-11-13,,,Helene-Nathan-Bibliothek,Mo-Fr 09:00-18:00; Sa 10:00-13:00,,DE-B700,,,yes,,Q28681438,Category:Stadtbibliothek Neukölln,de:Stadtbibliothek Neukölln,+49 30 902394313,wlan,,,info@stadtbibliothek-neukoelln.de,https://berlin.de/stadtbibliothek-neukoelln,,,,,,,,,,,,,,,4,,,,"Stadtbibliothek Neukölln, Bezirkszentralbibliothek",+49 30 902394330,no,,,,,,,,,,,,,,,,,,,,,,,,,,,,,,,,,,,,,,,,,,,,,,,,,,,,,,,,,,,,,,,,,,,,,,,,,,,,,,,,,,,,,,,,,,,,,,,,,,,,,,
node,345162417,POINT (13.3196255 52.4577849),Berlin,DE,3,12165,Grunewaldstraße,Steglitz,library,,,,Ingeborg-Drewitz-Bibliothek,Mo-Fr 11:00-19:00; Sa 11:00-16:00; PH off,,DE-B702,yes,https://www.berlin.de/stadtbibliothek-steglitz-zehlendorf/,yes,,Q28681434,,,,,,,,,,,,,,,,,,,,,,,3,,,,,,,,,,,,,,,,,,,,,,,,,,,,,,,,,,,,,,,,,,,,,,,,,,,,,,,,,,,,,,,,,,,,,,,,,,,,,,,,,,,,,,,,,,,,,,,,,,,,,,,,,,,,
node,439229151,POINT (13.6214013 52.4548013),Berlin,DE,1,12587,Peter-Hille-Straße,Friedrichshagen,library,,2022-10-17,,Johannes-Bobrowski-Bibliothek,"Mo,Tu 12:00-17:00; We,Th 14:00-19:00; PH,Fr-Su off",,,,http://www.sb-tk.de,yes,,Q111144671,Category:Johannes-Bobrowski-Bibliothek,,,wlan,,,,,,,,,,,,,,,,,,,,,,,,,,,,,,,,,,,,,,,,,,,,,,,,,,,,,,,,,,,,,,,,,,,,,,,,,,,,,,,,,,,,,,,,,,,,,,,,,,,,,,,,,,,,,,,,,,,,,,,,,,,,,,,
node,444731308,POINT (13.3973796 52.3879238),Berlin,,41,12307,Steinstraße,Lichtenrade,library,,,,Stadtteilbibliothek Lichenrade,"Mo, We-Fr 11:00-18:00; Tu 12:00-16:00",,,designated,,yes,,Q125306889,,,+49 30 902778286,,,,stabi-lichtenrade@ba-ts.berlin.de,https://www.berlin.de/stadtbibliothek-tempelhof-schoeneberg/bibliotheken/stadtteilbibliothek-lichtenrade/,,,,,,,,,,,,,yes,,"0,1",,yes,customers,Edith-Stein-Bibliothek,,,,,,,,,,,,,,,,,,,,,,,,,,,,,,,,,,,,,,,,,,,,,,,,,,,,,,,,,,,,,,,,,,,,,,,,,,,,,,,,,,,,,,,,,,,,,,,,,,,,,,,,
node,444994924,POINT (13.308865 52.5171056),Berlin,DE,96,10585,Otto-Suhr-Allee,Charlottenburg,library,,,WLAN frei für 30 Minuten,Heinrich-Schulz-Bibliothek,Mo-Fr 12:00-19:00; Sa 11:00-16:00; Su 12:00-18:00,,,no,,yes,,Q28681431,,,+49309029-12217,wlan,no,QSC AG,,http://www.berlin.de/ba-charlottenburg-wilmersdorf/verwaltung/bibliotheken/artikel.203398.php,,,,,,,,,,,,,,,,survey,,,,,,,,,,,,,,,,,,,,,,,,,,,,,,,,,,,,,,,,,,,,,,,,,,,,,,,,,,,,,,,,,,,,,,,,,,,,,,,,,,,,,,,,,,,,,,,,,,,,,,,,,,,
node,482710823,POINT (13.5314264 52.4310682),Berlin,DE,26,12489,Rudower Chaussee,Adlershof,library,,,Zur Nutzung der Garderobenschränke bitte ein Vorhängeschloss mitbringen.,Zweigbibliothek Naturwissenschaften,Mo-Fr 09:00-20:00,+49 30 2093-99725,DE-11-87,,https://www.ub.hu-berlin.de/de/standorte/erwin-schroedinger-zentrum-zwbib-nawi,yes,,,,,,wlan,no,,,,,,Universitätsbibliothek der Humboldt-Universität zu Berlin,,nawi@ub.hu-berlin.de,,,university,Q1407819,,,,,,,Geoportal Berlin / Hauskoordinaten,,,,,,+49 30 2093-99722,yes,yes,yes,yes,,,,,,,,,,,,,,,,,,,,,,,,,,,,,,,,,,,,,,,,,,,,,,,,,,,,,,,,,,,,,,,,,,,,,,,,,,,,,,,,,,,,,,,,,,,,,,,,,
node,486517226,POINT (13.5247238 52.4554005),,,,,,,library,,,,Bibliothek Campus Wilhelminenhof,Mo-Fr 10:00-21:00; Sa 12:00-18:00,,,,,yes,,,,,,,,,,https://bibliothek.htw-berlin.de/ueber-uns/bibliothek-campus-wilhelminenhof/,,,,,,,,,,,,,,,1,,,,,,,,,,,,,,,,,,,,,,,,,,,,,,,,,,,,,,,,,,,,,,,,,,,,,,,,,,,,,,,,,,,,,,,,,,,,,,,,,,,,,,,,,,,,,,,,,,,,,,,,,,,,
node,507660382,POINT (13.5120545 52.5280812),,,,,,,library,,,,KEH Bibliothek,,,,,,limited,,,,,,,,,,,,,,,,,,,,,,,,,,,,,,,,,,,,,29,Evangelisches Krankenhaus Königin Elisabeth Herzberge,,,,,,,,,,,,,,,,,,,,,,,,,,,,,,,,,,,,,,,,,,,,,,,,,,,,,,,,,,,,,,,,,,,,,,,,,,,,,,,,,,,,,,,,,,,,,,,
node,529557633,POINT (13.313449 52.4713483),,,,,,,library,,,WLAN frei für 30 Minuten,Eberhard-Alexander-Burgh-Bibliothek,"Mo,Th 12:00-16:00; Tu,Fr 14:00-18:00; SH Mo, Th 12:00-16:00; PH off",,,yes,,yes,,,,,,wlan,no,QSC AG,,,,,,,,,,,,,,,,,,,,,,,,,,,,,,,1,Q1278826,,,,,,,,,,,,,,,,,,,,,,,,,,,,,,,,,,,,,,,,,,,,,,,,,,,,,,,,,,,,,,,,,,,,,,,,,,,,,,,,,,,,,,,,,,,,,
node,560823423,POINT (13.3827588 52.4851862),Berlin,DE,18-20,10965,Dudenstraße,Kreuzberg,library,,2025-10-12,WLAN frei für 30 Minuten; Abdeckung: im gesamten Gebäude + unmittelbarer Außenbereich,Friedrich-von-Raumer-Bibliothek,"Mo,Tu 13:00-19:00; We 11:00-17:00; Th 13:00-19:00; Fr 11:00-17:00",+49 30 50587613,,,https://www.berlin.de/stadtbibliothek-friedrichshain-kreuzberg/bibliotheken/stadtteilbibliothek-friedrich-von-raumer/,no,,Q28738331,,,,wlan,no,HOTSPLOTS,,,,,,,,,,,,,,,,,,,,,,,,+49 30 50587615,,,,,,,,,,,,,,,,,,,,,,,,,,,,,,,,,,,,,,,,,,,,,,,,,,,,,,,,,,,,,,,,,,,,,,,,,,,,,,,,,,,,,,,,,,,,,,,,,,,,,
node,586328524,POINT (13.2920178 52.4571611),Berlin,DE,7-9,14195,Lansstraße,Dahlem,library,,,,Bibliothek des John-F.-Kennedy-Instituts,Mo-Fr 09:00-20:00,,DE-188-144,no,,no,,,,,+49 30 838-52862,wlan,,,library@jfki.fu-berlin.de,http://www.jfki.fu-berlin.de/library,,,Universitätsbibliothek der Freien Universität Berlin,,,,Library of the John F. Kennedy Institute,university,Q2496344,,,,,,,,,,,+49 30 838-52860,,,,,,,,,,,,,,,,,,,,,,,,,,,,,,,,,,,,,,,,,,,,,,,,,,,,,,,,,,,,,,,,,,,,,,,,,,,,,,,,,,,,,,,,,,,,,,,,,,,,,,,
node,618048288,POINT (13.4938846 52.6356441),,,,,,,library,,2024-06-19,,Stadtteilbibliothek Buch,"Mo,Th,Fr 13:00-19:00; Tu 10:00-16:00; We 13:00-17:00; Sa 10:00-15:00",,,,https://www.berlin.de/stadtbibliothek-pankow/bibliotheken/stadtteilbibliothek-buch/,yes,,Q125306819,,,,wlan,,,,,,,,,,,,,,,,,,,1,,,,,,,,,,,,,,,,,,,,,,,,,,,,,,,,,,,,,,,,,,,,,,,,,,,,,,,,,,,,,,,,,,,,,,,,,,,,,,,,,,,,,,,,,,,,,,,,,,,,,,,,,,,,
node,639552895,POINT (13.3932385 52.5164298),Berlin,DE,1,10117,Bebelplatz,Mitte,library,,,,HU Berlin – Zweigbibliothek Rechtswissenschaft,Mo-Fr 09:00-21:30; Sa 09:00-18:00; Su 13:00-18:00,,DE-11-68,yes,,limited,,,,,+49 30 209 33374,wlan,no,,,http://info.ub.hu-berlin.de/bibliothek/zweigbibliotheken/jurist/jurist.html,,Zur Nutzung der Garderobenschränke bitte ein Vorhängeschloss mitbringen.,Universitätsbibliothek der Humboldt-Universität zu Berlin,,,,HU Berlin - Law Library,university,Q1407819,,no,,,,,,,,,,,,,,yes,,,,,,HU Berlin – Zweigbibliothek Rechtswissenschaft,de:Universitätsbibliothek der Humboldt-Universität zu Berlin,,,,,,,,,,,,,,,,,,,,,,,,,,,,,,,,,,,,,,,,,,,,,,,,,,,,,,,,,,,,,,,,,,,,,,,,,,,,,,,,,,,,,,,,,,,
node,665121783,POINT (13.3937348 52.5261368),Berlin,DE,32,10117,Tucholskystraße,Mitte,library,,,,Comicbibliothek Renate,,,,,http://www.renatecomics.de/,no,,Q130744426,,,+49 30 97005815;+49 30 97005816,,,,,,,,,,,,,,,,,,,,,,,,,,,,,,,,,,,,,,,,,,,,,,,,,,,,,,,,,,,,,,,,,,,,,,,,,,,,,,,,,,,,,,,,,,,,,,,,,,,,,,,,,,,,,,,,,,,,,,,,,,,,,,,,
node,737212457,POINT (13.4408459 52.5418167),Berlin,DE,87,10409,Greifswalder Straße,Prenzlauer Berg,library,,,,Heinrich-Böll-Bibliothek,"Mo-Tu, Th-Fr 09:00-19:00; We 13:00-19:00; Sa-Su 10:00-19:00",,DE-B457,,https://www.berlin.de/stadtbibliothek-pankow/bibliotheken/heinrich-boell-bibliothek/,yes,,Q15848805,Category:Stadtbibliothek Pankow,,,wlan,,,,,,,,,,,,,,,,,,,,,,,,,,,,,,,,,,,,,"Stadtbibliothek Pankow, Hauptbibliothek 'Heinrich Böll'",,,,,,,,,,,,,,,,,,,,,,,,,,,,,,,,,,,,,,,,,,,,,,,,,,,,,,,,,,,,,,,,,,,,,,,,,,,,,,,,,,,,,,,,,,
node,795561505,POINT (13.2878878 52.4775843),Berlin,DE,7,14199,Berkaer Straße,Schmargendorf,library,,,WLAN frei für 30 Minuten,Adolf-Reichwein-Bibliothek,"Mo-Fr 14:00-18:00; Sa,Su,PH off",,,,http://www.berlin.de/ba-charlottenburg-wilmersdorf/org/bibliotheken/adolfreichweinbibliothek.html,yes,,Q55153258,,,,wlan,no,QSC AG,,,,,,,,,,,,,,,,,,,,,,,,,,,,,,,,,,,,,,,,,,,,,,,,,,,,,,,,,,,,,,,,,,,,,,,,,,,,,,,,,,,,,,,,,,,,,,,,,,,,,,,,,,,,,,,,,,,,,,,,,,,,,
node,1070809009,POINT (13.3928706 52.5190211),Berlin,DE,6,10117,Unter den Linden,Mitte,library,,,,Zweigbibliothek Klassische Archäologie,Mo-Th 10:00-16:00; PH off,+49 30 2093 2234,DE-11-88,,https://www.ub.hu-berlin.de/de/standorte/zwbarchaeologie,limited,,,,,,wlan,no,,,,,Die Bibliothek befindet sich im Ostflügel des Hauptgebäudes in Raum 2082.,Universitätsbibliothek der Humboldt-Universität zu Berlin,,archaeologie@ub.hu-berlin.de,,Library of Classical Archaeology,university,Q1407819,,,,,,1,,,,,,,,,,yes,,,,,,Zweigbibliothek Klassische Archäologie,,,,,,,,,,,,,,,,,,,,,,,,,,,,,,,,,,,,,,,,,,,,,,,,,,,,,,,,,,,,,,,,,,,,,,,,,,,,,,,,,,,,,,,,,,,,
node,1070809020,POINT (13.386705 52.5183016),Berlin,DE,65,10117,Dorotheenstraße,Mitte,library,,,,Zweigbibliothek Fremdsprachliche Philologien / Teilbibliothek Großbritannien-Zentrum,Mo-Fr 09:00-20:00; PH off,+49 30 2093-12377,DE-11-149,,,yes,,,,,,wlan,no,,,,,Zur Nutzung der Garderobenschränke bitte ein Vorhängeschloss mitbringen.,Universitätsbibliothek der Humboldt-Universität zu Berlin,,fremdphilo@ub.hu-berlin.de,,,university,Q1407819,,,,,,1;2,,,,,,,,,,yes,,,,,,,de:Universitätsbibliothek der Humboldt-Universität zu Berlin,,,,,,,,,,,,,,,,,,,,,,,,,,,,,,,,,,,,,,,,,,,,,,,,,,,,,,,,,,,,,,,,,,,,,,,,,,,,,,,,,,,,,,,,,,,
node,1346361343,POINT (13.5209225 52.4978553),Berlin,DE,9,10319,Erich-Kurz-Straße,Friedrichsfelde,library,2024-12-08,,,Bodo-Uhse-Bibliothek,Mo-Tu 09:00-19:00; We 13:00-19:00; Th-Sa 09:00-18:00,,,,https://www.berlin.de/stadtbibliothek-lichtenberg/standorte/bodo-uhse-bibliothek/,limited,,Q125306826,,,+49 30 5122102,wlan,no,,,,,,,,,,,,,,,,,,1,,,,,,,,,,,,,,,,,,,1,VOEBB-Bibliothek,,,,,,,,,,,,,,,,,,,,,,,,,,,,,,,,,,,,,,,,,,,,,,,,,,,,,,,,,,,,,,,,,,,,,,,,,,,,,,,,,,,,,,,,
node,1356847676,POINT (13.4123577 52.568454),Berlin,DE,120,13187,Berliner Straße,Pankow,library,,2025-01-19,ehemaliges Jüdische Waisenhaus,Janusz-Korczak-Bibliothek,"Mo,Tu,Th,Fr 09:00-19:00; We 13:00-19:00; Sa,Su 10:00-19:00",,DE-B462,,https://www.berlin.de/stadtbibliothek-pankow/bibliotheken/janusz-korczak-bibliothek/,limited,Eingang hat viele Stufen (2 Treppen). Rollstuhlgerechter Eingang auf Gebäuderückseite über Hadlichstraße erreichbar. Dort Klingel benutzen. Fahrstuhl vorhanden. Es befinden sich Schwellen zwischen den Türen (Altbau).,Q28681445,,,,wlan,,,,,,,,,,,,,,,,,,,,,,,,,,,,,,,,,,,,,,,,,,,,,,,,,,,,,,,,,,,,,,,,,,,,,,,,,,,,,,,,,,,,,,,,,,,,,,,,,,,,,,,,,,,,,,,,,,,,,,,,,,,,,,,
node,1362209543,POINT (13.2939985 52.5145468),Berlin,DE,10,14059,Nehringstraße,Charlottenburg,library,,,WLAN frei für 30 Minuten,Ingeborg-Bachmann-Bibliothek,"Mo,We,Th,Fr 14:00-18:00; PH off",,,,,yes,,Q55153171,,,+4930902924313,wlan,no,QSC AG,,http://www.berlin.de/ba-charlottenburg-wilmersdorf/verwaltung/bibliotheken/artikel.194044.php,,,,,,,,,,,,,,,,,,,,,,,,,,,,,,,,,,,,,,,,,,,,,,,,,,,,,,,,,,,,,,,,,,,,,,,,,,,,,,,,,,,,,,,,,,,,,,,,,,,,,,,,,,,,,,,,,,,,,,,,,,,
node,1425169658,POINT (13.2947799 52.4613917),Berlin,DE,20,14195,Koserstraße,Dahlem,library,,,,Bibliothek des Friedrich-Meinecke-Instituts und des Kunsthistorisches Instituts,,,,no,,limited,,,,,+493083854550,,,,,http://www.ub.fu-berlin.de/fbb/gesch-kultur/kug809.html,,,,,,,,,,,,,,,,,,,,,,,,,,,,,,,,,,,,,,,,,,,,,,,,,,,,,,,,,,,,,,,,,,,,,,,,,,,,,,,,,,,,,,,,,,,,,,,,,,,,,,,,,,,,,,,,,,,,,,,,,,,
node,1445349886,POINT (13.4622976 52.4255455),Berlin,DE,1,12353,Bat-Yam-Platz,Gropiusstadt,library,,,,Trude-Jugend-Bib,,,,,https://www.berlin.de/stadtbibliothek-neukoelln/bibliotheken/gertrud-junge-bibliothek/,yes,,,,,,,,,,,,,,,,,,,,,,,,,,,,,,,,,,,,,,,,,,,,,,,,,,,,,,,,,,,,,,,,,,,,,,,,,,,,,,,,,,,,,,,,,,,,,,,,,,,,,,,,,,,,,,,,,,,,,,,,,,,,,,,,,,,,,
node,1472976631,POINT (13.4362136 52.4925504),Berlin,DE,13,10999,Glogauer Straße,Kreuzberg,library,,,WLAN frei für 30 Minuten,Else-Ury-Bibliothek,"Mo 13:00-18:00;
Tu 10:00-15:00;
Th 13:00-18:00;
Fr 12:00-17:00",,,,,no,,,,,+49 30 22502613,wlan,no,HOTSPLOTS,,https://www.berlin.de/stadtbibliothek-friedrichshain-kreuzberg/bibliotheken/familienbibliothek-else-ury/,,,,,,,,,,,,,,,,,,,Familienbibliothek Glogauer Straße,,,,,,,,,,,,,,,,,,,,,,,,,,,,,,,,,,,,,,,,,,,,,,,,,,,,,,,,,,,,,,,,,,,,,,,,,,,,,,,,,,,,,,,,,,,,,,,,,,,,,,,,
node,1481377095,POINT (13.3262714 52.5121417),Berlin,DE,135,10623,Straße des 17. Juni,Charlottenburg,library,2025-02-03,2025-02-03,,Die Bibliothek Wirtschaft und Management,"Apr-Jul,Oct-Feb: Mo-Fr 09:00-21:00; Apr-Jul,Oct-Feb: Sa 10:00-16:00; Mar,Aug-Sep: Mo-Fr 10:00-21:00; Mar,Aug-Sep: Sa 10:00-16:00",,,,,yes,,,,,+49 30 31422601,wlan,,,,https://www.dbwm.tu-berlin.de/menue/startseite/,,,,,,,,,,,,,,,5,,,,,,,,,,,,H,,,,,,,,,"position estimated; area 5K, room 5150b","WiWiDok: Fachbibliothek für Wirtschaft, Recht & Statistik",,,,,,,,,,,,,,,,,,,,,,,,,,,,,,,,,,,,,,,,,,,,,,,,,,,,,,,,,,,,,,,,,,,,,,,,,,,,,,,,,,,,,,
node,1670728349,POINT (13.4339544 52.4690497),Berlin,DE,26,12051,Emser Straße,Neukölln,library,2024-11-07,,,Fachbibliothek Kurdologie,"Mo-Fr 11:00-16:00, ""Nach Vereinbarung""",,,,,,,,,,,,,,,,,,Europäisches Zentrum für Kurdische Studien - Berliner Gesellschaft zur Förderung der Kurdologie e. V.,,,,,,,,,,,,,,,,,,,,,,,,,,,,,,,,,,,,,,,,,,,,,,,,,,,,,,,,,,,,,,,,,,,,,,,,,,,,,,,,,,,,,,,,,,,,,,,,,,,,,,,,,,,,,,,,,,,,,,,,
node,1684737379,POINT (13.4254805 52.5286995),Berlin,DE,4,10405,Greifswalder Straße,Prenzlauer Berg,library,,,,Bibliothek der Freien,"Th, Fr 18:00-20:00; PH off",,DE-B1576,yes,,limited,,Q856487,,de:Bibliothek der Freien,+49 30 7521768,no,,,DieFreien@BibliothekderFreien.de,https://www.bibliothekderfreien.de/,,,,Türschwellen;bitte Besuch mit Rollstuhl vorher anmelden,,,Library of the Free,,,,,,,,1,,yes,,,,,,,,,,,,,Q8470895,,,,,,,,yes,yes,yes,yes,yes,yes,yes,main,yes,no,Biblioteca dei Liberi,no,thresholds;please contact the library before visiting it with a wheelchair,sojloj;bonvolu kontakti la bibliotekon antaŭ viziti ĝin per rulseĝo,,,,,,,,,,,,,,,,,,,,,,,,,,,,,,,,,,,,,,,,,,,,,,,,,,,,,,,,,,,,,,,,,,,,,,,,
node,1685672555,POINT (13.3957618 52.5127362),Berlin,DE,41,10117,Anton-Wilhelm-Amo-Straße,Mitte,library,,,,Archiv für Alternativkultur,,,,,http://www.fis-kultur.net/alternativkultur/,,,Q2654413,,de:Archiv für Alternativkultur,,,,,,,,,,,,,,,,,,,,,,,,,,,,,,,,,,,,,,,,,,,,,,,,,,,,,,,,,,,,,,,,,,,,,,,,,,,,,,,,,,,,,,,,,,,,,,,,,,,,,,,,,,,,,,,,,,,,,,,,,,,,,,,,,
node,1818848292,POINT (13.2586101 52.5106578),Berlin,DE,45,14052,Westendallee,Westend,library,,2024-05-05,WLAN frei für 30 Minuten,Johanna-Moosdorf-Bibliothek,"Tu,Fr 14:00-18:00; We 12:00-18:00; Th 10:00-16:00",,,,,no,,Q55153202,,,,wlan,no,QSC AG,,,,,,,,,,,,,,,,,,,,,,,,,,,,,,,,,,,,,,,,,,,,,,,,,,,,,,,,,,,,,,,,,,,,,,,,,,,,,,,,,,,,,,,,,,,,,,,,,,,,,,,,,,,,,,,,,,,,,,,,,,,,,
node,1863570970,POINT (13.4321724 52.5328818),Berlin,,18,10407,Esmarchstraße,,library,,,,Kurt-Tucholsky-Bibliothek,"Mo, We-Fr 13:00-18:00; Tu 10:00-15:00; Sa 11:00-13:00",+49 30 902 95 3 963,,,https://www.berlin.de/stadtbibliothek-pankow/bibliotheken/kurt-tucholsky-bibliothek/,no,,Q125306857,,,,,,,,,,,"Bezirksamt Pankow von Berlin, Amt für Weiterbildung und Kultur",,kurt-tucholsky-bibliothek@ba-pankow.berlin.de,,,public,,,,,,,,,,,,,,,,,,,,,,,,,,,,,,,,,,,,,,,,,,,,,,,,,,,,,,,,,,,,,,,,,,,,,,,,,,,,,,,,,,,,,,,,,,,,,,,,,,,,,,,,,,,,,,,,,,,
node,1874529829,POINT (13.3118736 52.489441),Berlin,DE,176,10713,Hohenzollerndamm,Wilmersdorf,library,,,,Artothek,"Mo off ; Tu,Th,Fr 11:00-17:00 ; We 11:00-19:00",,,,,yes,,,,,+49 30 9029-16709,,,,info@artothek.charlottenburg-wilmersdorf.de,,,,,,,,,,,,,,,,,,,,,,,,,,,,,,,,,,,,,,,,,,,,,,,,,,,,,,,,,,,,,,,,,,,,,,,,,,,,,,,,,,,,,,,,,,,,,,,,,,,,,,,,,,,,,,,,,,,,,,,,,,,,
node,1933757018,POINT (13.2769658 52.449221),Berlin,DE,21,14195,Ihnestraße,Dahlem,library,,,,"Bibliothek für Sozialwissenschaften und Osteuropastudien, Stiller Lesesaal",,,,,,yes,,,,,,,,,,,,,Freie Universität Berlin,,,,,university,Q2496344,,,,,,,,,,,,,,,,,,,,,,,,,,,,,,,,,,,,,,,,,,,,,,,,,,,,,,,,,,,,,,,,,,,,,,,,,,,,,,,,,,,,,,,,,,,,,,,,,,,,,,,,,,,,,,,,,,
node,2094774970,POINT (13.3669367 52.5085131),Berlin,,6,10785,Matthäikirchplatz,,library,2024-11-12,,,Kunstbibliothek,"Mo-Tu off; We-Fr 10:00-17:00; Sa-Su,PH 10:00-18:00; Jan 1 12:00-18:00; Dec 24,Dec 31 off",,DE-B11,no,https://www.smb.museum/museen-einrichtungen/kunstbibliothek/home,yes,,Q6445022,Category:Kunstbibliothek (Berlin),en:Kunstbibliothek Berlin,,wlan,no,,,,,,,,,,Berlin Art Library,,,,,,,,,,yes,,,,,,,,,,,,,,,,,,,,,,,,,,,,,,,,,,,https://www.facebook.com/kunstbibliothek,no,Kubi,18,,,,,,,,,,,,,,,,,,,,,,,,,,,,,,,,,,,,,,,,,,,,,,,,,,,,,,,,,,,,,,,,,,,,
node,2270319509,POINT (13.3029182 52.635613),,,,,,,library,,,,Das Buddhistische Haus,Mo-Su 09:00-18:00,,,,,no,,,,,,,,,,,,,,,,,,,,,,,,,,,,,,,,,,,,,,,,,,,,,,,,,,,,,,,,,,,,,,,,,,,,,,,,,,,,,,,,,,,,,,,,,,,,,,,,,,,,,,,,,,,,,,,,,,,,,,,,,,,,,,,,,,,,,
node,2402339489,POINT (13.4056371 52.4900049),Berlin,DE,2,10961,Südstern,Kreuzberg,library,,,,La Rayuela,Mo-Fr 10:00-19:00; Sa 10:00-16:00,+49 30 44013293,,,https://la-rayuela.typepad.com/,no,,,,,,,,,,,,,,,info@la-rayuela.de,,,,,,,,,,,,,,,,,,,,,,,,,,,,,,,,,,,,,,,,,,,,no,,,,,,,,,,,,,,,,,,,,,,,,,,,,,,,,,,,,,,,,,,,,,,,,,,,,,,,,,,,,,,,,,,,,,,,,,,
node,2479053622,POINT (13.3248746 52.5021314),Berlin,DE,211,10719,Kurfürstendamm,Charlottenburg,library,,,,"Institut Français Berlin, Mediathek","Tu,Th 14:00-18:30; We,Fr 12:00-18:30; Sa 11:00-17:00; Mo off",,DE-B452,no,https://berlin.institutfrancais.de/mediathek,limited,,Q28737652,,,,,,,,,,,,,,,"French Institute of Berlin, library",,,,,,,,,,,,,,,,,,,,,,,,,,,,,,,,,,,,,,,,,,,,,,,,,"Institut Français Berlin, Médiathèque",,,,,,,,,,,,,,,,,,,,,,,,,,,,,,,,,,,,,,,,,,,,,,,,,,,,,,,,,,,,,,,,,,,
node,2571245538,POINT (13.5286278 52.4033811),Berlin,DE,182,12524,Ortolfstraße,Altglienicke,library,,,,Stadtteilbibliothek Altglienicke im Bürgerhaus,,+49 30 902976722,,,,,,,,,,,,,,,,,,,,,,,,,,,,,,,,,,,,,,,,,,,,,,,,,,,,,,,,,,,,,,,,,,,,,,,,,,,,,,,,,,,,,,,,,,,,,,,,,,,,,,,,,,,,,,,,,,,,,,,,,,,,,,,,,,,,,,,,,
node,2644700001,POINT (13.389689 52.4864803),Berlin,,3,10965,Fidicinstraße,,library,,,,Archiv der Jugendkulturen,,,DE-2323,,https://jugendkulturen.de,,,Q635544,Category:Archiv der Jugendkulturen,de:Archiv der Jugendkulturen,,,,,,,,,,,,,,,,,,,,,,,,,,,,,,,,,,,,,,,,,,,,,,,,,,,,,,,,,,,,,,,File:Bibliotheksregal im Archiv der Jugendkulturen.jpg,File:Logo archivderjugendkulturen.png,DE203272846,,,,,,,,,,,,,,,,,,,,,,,,,,,,,,,,,,,,,,,,,,,,,,,,,,,,,,,,,,,,,,,,
node,2777497901,POINT (13.3766679 52.5266936),,,4,,Bonhoefferweg,,library,2025-05-06,,,Patientenbibliothek,"Mo,Tu,Th 12:00-16:00; Fr 12:00-15:00",,,,,,,,,,,,,,,,,,Charité Mitte,,,,,,,,,,,,,,,,,,,,,,,,,,,,,,,,,,,,,,,,,,,,,,,,,,,,,,,,,yes,,,,,,,,,,,,,,,,,,,,,,,,,,,,,,,,,,,,,,,,,,,,,,,,,,,,,,,,,,,,,,,
node,2802477601,POINT (13.1780019 52.5499724),,,,,,,library,,,,Stadtteilbibliothek,"Tu,We,Fr 12:00-17:00; Mo,Th 13:00-19:00",,,,,yes,,,,,,,,,,,,,,,,,,,,,,,,,,,,,,,,,,,,,,,,,,,,,,,,,,,,,,,,,,,,,,,,,,,,,,,,,,,,,,,,,,,,,,,,,,,,,,,,,,,,,,,,,,,,,,,,,,,,,,,,,,,,,,,,,,,,,
node,2964523835,POINT (13.3678296 52.5871192),Berlin,DE,32,13158,Hauptstraße,Wilhelmsruh,library,,,,Kulturpost und Bibliothek,"Mo,Di,Do 14:00-19:00; Mi,Fr,Sa 10:00-13:00",+49 30 40724848,,,https://www.leben-in-wilhelmsruh.de/,,,,,,,,,,,,,,Leben in Wilhelmsruh,,info@leben-in-wilhelmsruh.de,,,,,,,,,,,Geoportal Berlin / Hauskoordinaten,,,,,,,,,,,,,,,,,,,,,,,,,,,,,,,,,,,,,,,,,,,,,,,,,,,,,,,,,,,,,,,,,,,,,,,,,,,,,,,,,,,,,,,,,,,,,,,,,,,,,,,,,,,
node,3203713887,POINT (13.4307312 52.4952361),Berlin,DE,63a,10999,Reichenberger Straße,Kreuzberg,library,,,multilingual anarchist library,kalabal!k,We 17:00-20:00; Su 15:00-18:00,,,,https://kalabalik.blackblogs.org/,no,,,,,,,,,,,,,kalabal!k,,kalabalik@riseup.net,,,,,,,,,,,,,,Kalabalik,,,,,,,,,,,,,,,,,,,,,,,,,,,,,,,,,,,,,,,,,,anarchism,,,,,,,,,,,,,,,,,,,,,,,,,,,,,,,,,,,,,,,,,,,,,,,,,,,,,,,,,,,,,,
node,3428467245,POINT (13.3587376 52.4260423),Berlin,DE,74-100,12249,Malteserstraße,Lankwitz,library,,,,Universitätsarchiv,"We,Th 09:00-16:00",,,,,yes,,,,,,,,,,,,,Universitätsbibliothek der Freien Universität Berlin,,,,,university,Q2496344,,,,,,,,,,,,,,,,,,,,,,,,,,,,,,,,,,,,,,,,,,,,,,,,,,,,,,,,,,,,,,,,,,,,,,,,,,,,,,,,,,,,,,,,,,,,,,,,,,,,,,,,,,,,,,,,,,
node,3478842465,POINT (13.3578235 52.4943297),,,,,,,library,,,,Schulbiblothek,,,,,,,,,,,,,,,,,,,Sophie-Scholl-Oberschule,,,,,,,,,private,,,,,,,,,,,,,,,,,,,,,,,,,,,,,,,,,,,,,,,,,,,,,,,,,,,,,,,,,,,,,,,,,,,,,,,,,,,,,,,,,,,,,,,,,,,,,,,,,,,,,,,,,,,,,,,
node,3518345658,POINT (13.1656465 52.4327843),Berlin,DE,58,14109,Am Großen Wannsee,Wannsee,library,,,"Fachbibliothek zu: Geschichte und Kultur des europäischen Judentums, NS-Verfolgung und Ermordung der jüdischen Bevölkerung Europas und anderer Opfergruppen u.a.",Joseph Wulf Bibliothek,"Mo-Fr 11:00-16:00; PH,Sa,Su off",,DE-B1525,,,,,,,,+49 30 805 00120,,,,library@ghwk.de,https://www.ghwk.de/de/bibliothek,,,,,,,,,,,,,,,,,,,,,,,,,,,,,,,,,,,,,,,,,,,,,,,,,,,,,,,,,,,,,,,,,,,,,,,,,,,,,,,,,,,,,,,,,,,,,,,,,,,,,,,,,,,,,,,,,,,,,,,,,,,
node,3806550974,POINT (13.3772992 52.5202388),Berlin,DE,1,10117,Adele-Schreiber-Krieger-Straße,,library,,,,Bibliothek des Deutschen Bundestages,"""nicht öffentlich zugänglich; nur auf Antrag""",,DE-281,,,,,Q856510,Category:Bibliothek des Deutschen Bundestages,de:Bibliothek des Deutschen Bundestages,+49 30 22733073,,,,,https://www.bundestag.de/dokumente/bibliothek,,,Deutscher Bundestag,,,Bundestagsbibliothek,Library of the German Bundestag,government,Q154797,,,private,,,,,,,,,,,,,,,,,,,Bibliothek des Deutschen Bundestages,,,,,,,,,,,,,,,,,,,,,,,,,,,,,,,,101286-1,AK281,1949,,,,,,,,,,,,,,,,,,,,,,,,,,,,,,,,,,,,,,,,,,,,,,,,,,,,,,,,,,
node,3837620248,POINT (13.3634291 52.5037597),Berlin,DE,27,10785,Lützowstraße,Tiergarten,library,,,,Bibliothek Tiergarten-Süd,Mo-Fr 12:30-18:00,,,,https://www.berlin.de/stadtbibliothek-mitte/bibliotheken/bibliothek-tiergarten-sued/,yes,,Q28681523,,,,,,,,,,,,,,,,,,,,,,,,,,,,,,,,,,,,,,,,,,,,,,,,,,,,,,,,,,,,,,,,,,,,,,,,,,,,,,,,,,,,,,,,,,,,,,,,,,,,,,,,,,,,,,,,,,,,,,,,,,,,,,,,,,,
node,3952396497,POINT (13.2826514 52.4921781),Berlin,,1,14193,Bismarckplatz,,library,,,,Umweltbibliothek,,,,,,,,Q28737651,,,,,,,,,,,Umweltbundesamt,,,,,,,,,,,,,,,,,,,,,,,,,,,,,,,,,,,,,,,,,,,,,,,,,,,,,,,,,,,,,,,,,,,,,,,,,,,,,,,,,,,,,,,,,,,,,,,,,,,,,,,,,,,,,,,,,,,,,,,,
node,3981795844,POINT (13.5061185 52.5649762),Berlin,DE,2,13051,Prerower Platz,Neu-Hohenschönhausen,library,,,,Anna-Seghers-Bibliothek,"Mo,Tu 09:00-19:00; We 13:00-19:00; Th,Fr 09:00-18:00; Sa 09:00-13:00",,,,,yes,,Q28681426,Category:Anna-Seghers-Bibliothek (Berlin),,+49 30 92796410,,,,,https://www.berlin.de/stadtbibliothek-lichtenberg/standorte/anna-seghers-bibliothek/,,,,,,,,,,,yes,,,yes,"1,2,3",,yes,,,,,,,,,,,,,,,,,,,,,,,,,,,,,,,,,,,,,,,,,,,,,,,,,,,,,,,,,,,,,,,,,,,,,,,,,,,,,,,,,,,,,,,,,,,,,,,,,,,,,,,,,,
node,4114649179,POINT (13.383896 52.5067416),Berlin,DE,8,10963,Niederkirchnerstraße,Kreuzberg,library,,,,Bibliothek der Stiftung Topographie des Terrors,Mo-Fr 10:00-17:00,+4930 254509-23,,,https://www.topographie.de/bibliothek/,yes,,Q28738920,,,,wlan,,,,,,,,,bibliothek@topographie.de,,,,,,,,,,,,,,,,,,,,,,,,,,,,,,,,,,,,,,,,,,,,,,,,,,,,,,,,,,,,,topographiedesterrors,topographiedesterrors,,,,,,,,,,,,,,,,,,,,,,,,,,,,,,,,,,,,,,,,,,,,,,,,,,,,,,,,
node,4221527005,POINT (13.3859469 52.5305537),Berlin,DE,118,10115,Invalidenstraße,Mitte,library,,,Zur Nutzung der Garderobenschränke bitte ein Vorhängeschloss mitbringen.,Zweigbibliothek Asien-/Afrikawissenschaften und Islamische Theologie,Mo-Fr 09:00-17:00,,DE-11-103,,,yes,,,,,+49 30 209366093,yes,no,,asa@ub.hu-berlin.de,https://www.ub.hu-berlin.de/de/standorte/zwbasienafrika,,,Universitätsbibliothek der Humboldt-Universität zu Berlin,,,ZwB Asien-/Afrikawissenschaften und Islamische Theologie,,university,Q1407819,,,,,,0,,,,,,,,,,,,,,,,,,,,,,,,,,,,,,,,,,,,,,,,,,,,,,,,,,,,,,,,,,,,,,,,,,,,,,,,,,,,,,,,,,,,,,,,,,,,,,,,,,,,,,,,,,,,
node,4271022996,POINT (13.1429895 52.453258),Berlin,,2,14089,Sakrower Landstraße,,library,,,,Stadtteilbibliothek Kladow,"Mo,Th 13:00-19:00; Tu,We 13:00-17:00; Fr 09:00-15:00",+49 30 8161-5889,,yes,http://www.berlin.de/stadtbibliothek-spandau/bibliotheken/kladow/artikel.182136.php,yes,,Q125306886,,,,terminal,,,,,,,Stadtbibliothek Spandau,,,,,,,,,,,,0,,,,,,,,,,,,,,,,,,,,,,,,,,,,,,,,,,,,,,,,,,,,,,,,,,,,,,,,,,,,,,,,,,,,,,,,,,,,,,,,,,,,,,,,,,,,,,,,,,,,,,,,,,,,
node,4432723694,POINT (13.419505 52.5331584),Berlin,,227-228,10405,Prenzlauer Allee,,library,,,,Bibliothek Am Wasserturm,Mo-Sa 08:00-22:00,+49 30 902953921,,yes,https://www.berlin.de/stadtbibliothek-pankow/bibliotheken/bibliothek-am-wasserturm/,,,Q110501434,,,,wlan,,,,,,,,,,,,,,,,,,,,,yes,permissive,,,,,,,,,,,,,,,,,,,,,,,,,,,,,,,,,,,,,,,,,,,,,,,,,,,,,,,,,,,,,,,,,,,,,,,,,,,,,,,,,,,,,,,,,,,,,,,,,,,,,,,,,
node,4706616647,POINT (13.5189284 52.4525785),Berlin,,5,12439,Britzer Straße,,library,,,,Bibliothek,,+49 30 63 90 288 23,DE-2401,,https://www.ns-zwangsarbeit.de/bibliothek/,yes,,,,,,yes,customers,,,,,,Stiftung Topographie des Terrors,,bibliothek-sw@topographie.de,,,public,,,,,,,,,,,,,,+49 30 63 90 288 29,,,,,,,,,,,,,,,,,,,,,,,,,,,,,,,,,,,,,,,academic,,,,,,,,,,,,,,,,,,,,,,,,,,,,,,,,,,,,,,,,,,,,,,,,,,,,,,,,,,,,,,
node,4805428213,POINT (13.3308065 52.5222118),Berlin,,1-2,10555,Levetzowstraße,,library,,2025-09-10,,Medienforum Berlin,"Mo,Tu 13:00-18:00; We 10:00-15:00; Th 13:00-18:00",+49 30 90 22 99-111,DE-B1585,,https://www.berlin.de/sen/bildung/unterricht/medien/medienforum/,,,,,,,,,,,,,,,,mf.info@senbjw.berlin.de,,,,,,,,,,,,,,,,,+49 30 90 22 99-135,,,,,,,,,,,,,,,,,,,,,,,,,,,,,,,,,,,,,,,,,,,,,,,,,,,,,,,,,,,,,,,,,,,,,,,,,,,,,,,,,,,,,,,,,,,,,,,,,,,,,
node,4806499594,POINT (13.3427522 52.5170943),Berlin,,15,10557,Altonaer Straße,,library,,,,Hansabibliothek,"Mo, Fr 13:00-19:30; Tu-Th 12:00-18:00; Sa 10:00-14:00",+4930901832156,,yes,https://www.berlin.de/stadtbibliothek-mitte/bibliotheken/hansabibliothek/,yes,,Q49677548,Category:Hansabibliothek (Berlin),,,,,,,,,,,,service@stb-mitte.de,,,,,,,,,,,,,,Hansa-Bücherei,,,,,,,,,,,,,,,,,,,,,,,,,,,,,,,,,,,,,,,,,,,,,,,,,,,,,,,,,,,,,,,,,,,,,,,,,,,,,,,,,,,,,,,,,,,,,,,,,,,,,,,,
node,5062614778,POINT (13.3638336 52.521758),,,,,,,library,,,,,,,,,,,,,,,,,,,,,,,,,,,,,,,,no,,,1,,,,,,,,,,,,,,,,,,,,,,,,,,,,,yes,,,,,,,,,,,,,,,,,,,,,,,,Bibiliotek des BMI,,,,,,,,,,,,,,,,,,,,,,,,,,,,,,,,,,,,,,,,,,,,,,,,,,,,,,,
node,5245440325,POINT (13.395109 52.5203781),Berlin,DE,5,10117,Am Kupfergraben,Mitte,library,,,,Zweigbibliothek Musikwissenschaft,"Mo-Fr 10:00-18:00; Feb 17-Apr 10, PH Mo-Fr 10:00-16:00",,DE-11-128,,,yes,,,,,+49 30 20932788,yes,no,,musikwissenschaften@ub.hu-berlin.de,https://www.ub.hu-berlin.de/de/standorte/zwbmusikwissenschaft,,,Universitätsbibliothek der Humboldt-Universität zu Berlin,,,,,university,Q1407819,,,,,,,,,,,,,,,,,,,,,,,,,,,,,,,,,,,,,,,,,,,,,,,,,,,,,,,,,,,,,,,,,,,,,,,,,,,,,,,,,,,,,,,,,,,,,,,,,,,,,,,,,,,,,,,,,,
node,5275440213,POINT (13.6068282 52.5416071),Berlin,,24,12627,Hellersdorfer Promenade,,library,,,,Peter-Weiss-Bibliothek,"Tu,We 14:00-18:00; PH off || ""nach Vereinbarung""",+49 30 99282525,,,https://www.peter-weiss-bibliothek.de/,,,,,,,terminal,no,,,,,,AGRARBÖRSE Deutschland Ost e.V.,,pwb-hellersdorf@peter-weiss-bibliothek.de,,,,,,,,,,,,,,,,,,,,,,,,,,,,,,,,Alternative Bibliothek Hellersdorf,,,,,,,,,,,,,,,,,,,,,,,,,,,,,,,,,,,,,,,,,,,,,,,,,,,,,,,,,,,,,,,,,,,,,,,,,,,,,,,,,,,,,,
node,5318467222,POINT (13.3523189 52.5976675),Berlin,,142c,13439,Wilhelmsruher Damm,,library,,,,Bibliothek im Märkischen Viertel,"Mo 13:00-19:00; Tu,We 11:00-17:00; Th 13:00-19:00; Fr 11:00-17:00",+49 30 902943833,,,https://www.berlin.de/stadtbibliothek-reinickendorf/bibliotheken/bibliothek-im-maerkischen-viertel/bibliothek-im-maerkischen-viertel-im-fontane-haus-336916.php,,,,,,,,,,,,,,"Bezirksamt Reinickendorf Abteilung Bauen, Bildung und Kultur",,,,,public,,,,,,,,,,,,,,+49 30 902943835,,,,,,,,,,,,,,,,,,,,,,,,,,,,,,,,,,,,,,,,,,,,,,,,,,,,,,,,,,,,,,,,,,,,,,,,,,,,,,,,,,,,,,,,,,,,,,,,,,,,,
node,5533888846,POINT (13.3801597 52.5261622),Berlin,DE,11/12,10115,Philippstraße,Mitte,library,,2023-03-27,,Charité Medizinische Bibliothek Campus Mitte,Mo-Fr 09:00-20:00,,,,https://bibliothek.charite.de/,,,Q28738822,,,,wlan,,,,,,,,,,,,,,,,,,,0,,,,,,,,,,,,,,,,,,,,,,,,,,,,,,,,,,,,,,,,,,,,,,,,,,,,,,,,,,,,,,,,,,,,,,,,,,,,,,,,,,,,,,,,,,,,,,,,,,,,,,,,,,,,
node,5643477411,POINT (13.295141 52.63544),Berlin,DE,17,13465,Fuchssteinerweg,Frohnau,library,,2025-04-06,,Stadtteilbibliothek Frohnau,Mo 13:00-19:00; Tu 13:00-17:00; We off; Th 13:00-19:00; Fr 11:00-17:00,,,,,yes,,Q125306820,,,+49 30 4010 9171,wlan,,,Bibliothek.Frohnau@gmail.com,https://www.berlin.de/stadtbibliothek-reinickendorf/bibliotheken/stadtteilbibliothek-frohnau/artikel.336740.php,,,,,,,,,,,no,,,,,,,,,+49 30 4010 9172,,,,,,,,,,,,,,,,,,,,,,,,,,,,,,,,,,,,,,,,,,,,,,,,,,,,,,,,,,,,,,,,,,,,,,,,,,,,,,,,,,,,,,,,,,,,,,,,,,,,,,,
node,5735063971,POINT (13.3262022 52.531583),Berlin,DE,32b,10553,Rostocker Straße,Moabit,library,,,,Kurt-Tucholsky-Bibliothek,"Mo-Th 12:30-18:00; Fr,Sa,Su,PH off",,,yes,https://www.berlin.de/stadtbibliothek-mitte/bibliotheken/kurt-tucholsky-bibliothek/,yes,,Q108218674,Category:Kurt-Tucholsky-Bibliothek (Berlin-Moabit),,,,,,,,,,,,,,,,,,,,,,,,,,,,,,,,,,,,,,,,,,,,,,,,,,,,,,,,,,,,,,,,,,,,,,,,,,,,,,,,,,,,,,,,,,,,,,,,,,,,,,,,,,,,,,,,,,,,,,,,,,,,,,,,,,
node,5798364681,POINT (13.2390484 52.5429259),Berlin,DE,104,13599,Gartenfelder Straße,Haselhorst,library,2024-05-27,,,Stadtteilbibliothek Haselhorst,"Mo,Th 13:00-19:00; Tu,We,Fr 13:00-17:00",,,,,yes,,Q125306883,,,,wlan,no,,,https://www.berlin.de/stadtbibliothek-spandau/bibliotheken/haselhorst/stadtteilbibliothek-haselhorst-182097.php,,,Bezirksamt Spandau von Berlin,,,,,,,,,,,,,,,,,,,,,,,,,,,,,,,,,,,,,,,,,,,,,,,,,,,,,,,,,,,,,,,,,,,,,,,,,,,,,,,,,,,,,,,,,,,,,,,,,,,,,,,,,,,,,,,,,,,,,,,,
node,5838369566,POINT (13.347826 52.4602755),,,,,,,library,,,,Patientenbibliothek,"Mo,Tu,Fr 13:00-17:00; Th 15:00-18:00",,,,,,,,,,,yes,,,,,,,,,,,,,,,,,,,,,,,,,,,,,,,,,,,,,,,,,,,,,,,,,,,,,,,,,,,,,,,,,,,,,,,,,,,,,,,,,,,,,,,,,,,,,,,,,,,,,,,,,,,,,,,,,,,,,,,,,,,,,,,
node,5977960159,POINT (13.4273818 52.4769397),Berlin,DE,79,12053,Briesestraße,,library,,2022-12-21,,Bücherstube,Mo-Fr 08:00-14:00,,,,,,,,,,+49 30 68975904,,,,,,,,Berliner Gesellschaft für Integration mbH,,,,,,,,,,,,,,,,,,,,,,,,,,,,,,,,,,,,,,,,,,,,,,,,,,,,,,,,,,,,,,,,,,,,,,,,,,,,,,,,,,,,,,,,,,,,,,,,,,,,,,,,,,,,,,,,,,,,,,,,
node,6046124564,POINT (13.3927337 52.520016),Berlin,DE,24,10117,Dorotheenstraße,Mitte,library,2025-06-25,,,Zweigbibliothek Germanistik,Mo-Fr 09:30-19:00,+49 30 2093-9782,DE-11-105,,,yes,,,,,,wlan,students,,,https://www.ub.hu-berlin.de/de/standorte/zwbgermanistik,,Zur Nutzung der Garderobenschränke bitte ein Vorhängeschloss mitbringen. Nutzung der Garderobenschränke ist nicht (mehr) verpflichtend.,Universitätsbibliothek der Humboldt-Universität zu Berlin,,germ@ub.hu-berlin.de,,Branch Library of German Studies,university,Q1407819,,yes,yes,,,0;-1,,,,,,,,,,yes,,,,,,Zweigbibliothek Germanistik,,,,Eduroam,,,,,,,,,,,,,,,,,,,,,,,,,,,,,,,,,,,,,,,,,,,,,,,,,,,,,,,,,,,,,,,,,,,,,,,,,,,,,,,,,,,,,,,,
node,6275993185,POINT (13.3251316 52.5140827),Berlin,DE,136,10623,Straße des 17. Juni,Charlottenburg,library,,,,Mathematische Fachbibliothek,Mo-Fr 08:00-21:00; Sa 10:00-18:00,+49 30 314 22749,,,https://www.math.tu-berlin.de/mfb/mfb/,,,,,,,wlan,,,,,,,,,library@math.tu-berlin.de,,,,,,,,,,,,,,,,,,,,,,,,,,,,,,,,,,,,,,,,,,,,,,,,,,,,,,,,,,,,,,,,,,,,,,,,,,,,,,,,,,,,,,,,,,,,,,,,,,,,,,,,,,,,,,,,,,,,,,
node,6508696687,POINT (13.2890223 52.5242453),,,8-10,14059,Heubnerweg,,library,,,,ESCP Bibliothek am Campus Berlin,Mo-Th 09:00-21:00; Fr 09:00-17:00,,,,,,,,,,,,,,,,,,,,,,ESCP Library on Berlin Campus,,,,,,,,,,,,,,,,,,,,,,,,,,,,,,,,,,,,,,,,,,,,,,,,,,,,,,,,,,,,,,,,,,,,,,,,,,,,,,,,,,,,,,,,,,,,,,,,,,,,,,,,,,,,,,,,,,,,
node,6720863485,POINT (13.2813366 52.4478314),Berlin,DE,8,14195,Van't-Hoff-Straße,Dahlem,library,,,,Bibliothek Rechtswissenschaft,Mo-Fr 09:00-22:00; Sa 09:00-20:00; Su 12:00-20:00,,DE-188-808,yes,,yes,,,,,+49 30 83852161,,,,,https://www.jura.fu-berlin.de/bibliothek/,,,Universitätsbibliothek der Freien Universität Berlin,,,,,university,Q2496344,,,,,,,,,,,,,,,,,,,,,,,,,,,,,,,,,,,,,,,,,,,,,,,,,,,,,,,,,,,,,,,,,,,,,,,,,,,,,,,,,,,,,,,,,,,,,,,,,,,,,,,,,,,,,,,,,,
node,6880841994,POINT (13.4107782 52.5321836),Berlin,DE,18-19,10119,Christinenstraße,Prenzlauer Berg,library,,,,ICI Berlin,,+49 30 473 7291-10,,,https://www.ici-berlin.org/library/,yes,,Q28739236,,,,,,,,,,,,,,,,,,,,,,,,,,,,,,,,,,,,,,,,,,,,,,,,,,,,,,,,,,,,,,,,,,,,,,,,,,,,,,,,,,,,,,,,,,,,,,,,,,,,,,,,,,,,,,,,,,,,,,,,,,,,,,,,,,,
node,6976235391,POINT (13.4103123 52.5128877),Berlin,,16;18,10179,Märkisches Ufer,,library,,,Abteilung der Staatsbibliothek zu Berlin,"Bildagentur für Kunst, Kultur und Geschichte",Mo-Fr 09:00-17:00,,DE-1b,,,,,Q860581,Category:Prussian Heritage Image Archive,"de:Bildagentur für Kunst, Kultur und Geschichte",+49 30 27 87 92-0,,,,kontakt@bpk-images.de,https://www.bpk-bildagentur.de/,,,Stiftung Preußischer Kulturbesitz,,,bpk,,,,,,,,,,,,,,+49 30 27 87 92-39,,,,,,,,,,,,,,,,,Bildarchiv Preußischer Kulturbesitz,,,,,,,,,,,,,,,,,,,,,,,,,,,,,,,,,,,,,,,,,,,,,,,,,,,,,,,,,,,,,,,,,,,,,,,,,,,,,,,,,,,,,,
node,7232178641,POINT (13.3920937 52.5246239),Berlin,,10,10117,Johannisstraße,,library,,,,Teilbibliothek Japanologie,Mo-Th 10:00-15:30; Fr 10:00-14:00; Mar 6-31 off,+49 30 2093-66 130,,,,,,,,,,wlan,no,,,,,,Universitätsbibliothek der Humboldt-Universität zu Berlin,,asa@ub.hu-berlin.de,,,university,Q1407819,,,,,,0,,,,,,,,,,,,,,,,,,,,,,,,,,,,,,,,,,,,,,,,,,,,,,,,,,,,,,,,,,,,,,,,,,,,,,,,,,,,,,,,,,,,,,,,,,,,,,,,,,,,,,,,,,,,
node,7798570856,POINT (13.3283687 52.5043465),,,,,,,library,,,,Bibliothek der Jüdischen Gemeinde,,,,,,,,,,,,,,,,,,,,,,,,,,,,,,,,,,,,,,,,,,,,,,,,,,,,,,,,,,,,,,,,,,,,,,,,,,,,,,,,,,,,,,,,,,,,,,,,,,,,,,,,,,,,,,,,,,,,,,,,,,,,,,,,,,,,,,,,,,,
node,8097837782,POINT (13.3980521 52.3859756),,,,,,,library,2025-01-25,,,Katholische öffentliche Bücherei,"""Jeden 1. und 3. Sonntag im Monat von 9:30-12:30 Uhr geöffnet.""",,,,,,,,,,,,,,,,,,,,,,,,,,,,,,,,,,,,,,,,,,,,,,,,,,,,,,,,,,,,,,,,,,,,,,,,,,,,,,,,,,,,,,,,,,,,,,,,,,,,,,,,,,,,,,,,,,,,,,,,,,,,,,,,,,,,,,,,,,
node,8151138614,POINT (13.5928919 52.5293637),Berlin,DE,5,12619,Neue Grottkauer Straße,Hellersdorf,library,,,,Stadtteilbibliothek Kaulsdorf,"Mo,Tu,Th 12:00-19:00; We,Fr 09:00-13:00; Sa,Su,PH off",,,,https://www.berlin.de/bibliotheken-mh/bibliotheken/stadtteilbibliothek-kaulsdorf-nord/,yes,Fahrstuhl vorhanden,Q125306885,,,,,,,,,,,,,,,,,,,,,,,1,Geoportal Berlin / Hauskoordinaten,,,,,,,,,,,,,,,,,,,,,,,,,,,,,,,,,,,,,,,,,,,,,,,,,,,,,,,,,,,,,,,,,,,,,,,,,,,,,,,,,,,,,,,,,,,,,,,,,,,,,,,,,,,
node,8435515108,POINT (13.1654101 52.5224043),Berlin,DE,22F,13593,Obstallee,Staaken,library,,,,Stadtteilbibliothek Heerstraße,,,,,,,,Q125306884,,,,,,,,https://www.berlin.de/stadtbibliothek-spandau/bibliotheken/heerstrasse/stadtteilbibliothek-heerstrasse-182099.php,,,,,,,,,,,,,,,,,,,,,,,,,,,,,,,,,,,,,,,,,,,,,,,,,,,,,,,,,,,,,,,,,,,,,,,,,,,,,,,,,,,,,,,,,,,,,,,,,,,,,,,,,,,,,,,,,,,,,,,,,,,
node,9067856748,POINT (13.5496155 52.4385838),Berlin,,52,12489,Dörpfeldstraße,,library,2024-04-01,,,Stefan-Heym-Kinderbibliothek,"Mo,We-Su off; Tu 11:00-18:00",,,,,yes,,,,,+49 30 902975731,,,,,https://www.berlin.de/stadtbibliothek-treptow-koepenick/bibliotheken/adlershof/,,,,,stadtbibliothek-adlershof@ba-tk.berlin.de,,,,,,,,,,0,,,,,,,,,,,,,,,,,,"Stadtteilbibliothek Adlershof ,,Stefan-Heym"" - Kinderbibliothek",,,,,,,,,,,,,,,,,,,,,,,,,,,,,,,,,,,,,,,,,,,,,,,,,,,,,,,,,,,,,,,,,,,,,,,,,,,,,,,,,,,,,,,,,,
node,9077951933,POINT (13.4620726 52.425675),Berlin,DE,1,12353,Bat-Yam-Platz,Gropiusstadt,library,,,,Gertrud-Junge-Bibliothek,"Mo, Fr 11:00-15:00; Tu-Th 13:00-19:00",,,,,,,Q125306843,,,+49 30 902391494,,,,gemeinschaftshaus@stadtbibliothek-neukoelln.de,https://www.gropiusstadt-berlin.de/einrichtungen-projekte/stadtteilbibliothek-im-gemeinschaftshaus,,,,,,,,,,,,,,,,,,,,,,,,,,,,,,,,,,,,,Stadtteilbibliothek im Gemeinschaftshaus,,,,,,,,,,,,,,,,,,,,,,,,,,,,,,,,,,,,,,,,,,,,,,,,,,,,,,,,,,,,,,,,,,,,,,,,,,,,,,,,,,,,,,
node,9347421347,POINT (13.4943156 52.4189356),Berlin,DE,45,12357,Alt-Rudow,Rudow,library,,2024-04-06,,Gertrud-Haß-Bibliothek,"Mo,We,Fr 11:00-15:00; Tu,Th 13:00-18:00",,,,,yes,,Q125306841,,,+49 30 902391940,yes,no,,rudow@stadtbibliothek-neukoelln.de,https://www.berlin.de/stadtbibliothek-neukoelln/bibliotheken/gertrud-hass-bibliothek/,,,,,,,,,,,,,,,,,,,,,,,,,,,,,,,,,,,,,,,,,,,,,,,,,,,,,,,,,,,,,,,,,2021-09,,,,,,,,,,,,,,,,,,,,,,,,,,,,,,,,,,,,,,,,,,,,,,,,,,,,,,,,,,
node,9780942686,POINT (13.4230798 52.5037159),Berlin,DE,2B,10997,Mariannenplatz,Kreuzberg,library,,,,Kollektivbibliothek,,,,,,,,,,,,,,,,https://kollektivbibliothek.noblogs.org/,,,,,,,,,,,,,,,,,,,,,,,,,,,,,,,,,,,,,,,,,,,,,,,,,,,,,,,,,,,,,,,,,,,,,,,,,,,,,,,,,,,,,,,,,,,,,,,,,,,,,,,,,,,,,,,,,,,,,,,,,,,
node,10197004045,POINT (13.3240024 52.5133684),,,152,10623,Straße des 17. Juni,,library,,,,Bereichsbibliothek Architektur und Kunstwissenschaft,Mo-Fr 10:00-20:00,+493031422414,,,,yes,,,,,,wlan,,,,,,,,,,,,,,,,,,,,,,,,,,,,,,,,,,,,,,,,,,,,,,,,,,,,,,,,,,,,,,,,,,,,,,,,,,,,,,,,,,,,,,,,,,,,,,,,,,,,,,,,,,,,,,,,,,,,,,,,,,,,,,,
node,11309948213,POINT (13.3240187 52.5109671),,,,,,,library,,,,Bereichsbibliothek Physik,,,DE-83-1022,,,,,,,,,,,,,,,,,,,,,,,,,,,,2,,,,,,,,,,,,,,,,,,,,,,,,,,,,,,,,,,,,,,,,,,,,,,,,,,,,,,,,,,,,,,,,,,,,,,,,,,,,,,,,,,,,,,,,,,,,,,,,,,,,,,,,,,,,
node,11446515471,POINT (13.3212359 52.5104545),,,125,10625,Schillerstraße,,library,,,,BIbliothek des Schiller-Gymnasiums,Mo-Fr 09:30-13:00,,,,https://sgym.de/schulorganisation/schulbibliothek/,,,,,,,,,,,,,,,,,,School library of the Schiller-Gymnasium,,,,,,,,,,,,,,,,,,,,,,,,,,,,,,,,,,,,,,,,,,,,,,,,,CDI du lycée Schiller-Gymnasium,,,,,,,,,,,,,,,,,,,,,,,,,,,,,,,,,,,,,,,,,,,,,,,,,,,,,,,,,,,,,,,,,,,
node,11585204402,POINT (13.1967881 52.5698457),,,,,,,library,,,,WiKo Bibliothek,24/7,,,,,,,,,,,,,,,,,,Evangelisches Johannesstift Berlin,,,,,,,,,private,,,,,,,,,,,,,,,,,,,,,,,,,,,,,,,,,,,,,,,,,,,,,,,,,,,,,,,,,,,,,,,,,,,,,,,,,,,,,,,,,,,,,,,,,,,,,,,,,,,,,,,,,,,,,,,
node,11778098531,POINT (13.5497223 52.4388718),,,54,,Dörpfeldstraße,,library,2024-04-01,,,Stefan-Heym-Erwachsenenbibliothek,"Mo-We,Fr-Su off; Th 11:00-18:00",,,,,,,,,,+49 30 902975731,,,,stadtbibliothek-adlershof@ba-tk.berlin.de,https://www.berlin.de/stadtbibliothek-treptow-koepenick/bibliotheken/adlershof/,,,,,,,,,,,,,,,,,,,,,,,,,,,,,,,,,"Stadtteilbibliothek Adlershof ,,Stefan-Heym"" - Erwachsenenbibliothek",,,,,,,,,,,,,,,,,,,,,,,,,,,,,,,,,,,,,,,,,,,,,,,,,,,,,,,,,,,,,,,,,,,,,,,,,,,,,,,,,,,,,,,,,,
node,11805773403,POINT (13.526379 52.5079479),Berlin,,60,10315,Alt-Friedrichsfelde,Friedrichsfelde,library,,,,HWR Bibliothek Campus Lichtenberg,Mo 10:00-18:00; Tu-Th 10:00-19:00; Fr 10:00-17:00,,,,,yes,"Behinderten-WC außerhalb der Bibliothek vorhanden, PC-Arbeitsplätze rollstuhlgerecht, Bücherregale auf der 1. Etage zu schmal, obere Regalreihe für rollstuhlfahrer zu hoch, keine automatische Türöffner.",Q28738909,,,+49 30 30877-2598,,,,,http://www.hwr-berlin.de/service/bibliothek/campus-lichtenberg/,,,,,,,,,,,,,,,,,,,,,,,,,,,,,,,,,,,,,,,,,,,,,,,,,,,,,,,,,,,,,,,,,,,,,,,,,,,,,,,,,,,,,,,,,,,,,,,,,,,,,,,,,,,,,,,,,,,,,,,,,,,
node,11929111653,POINT (13.3996858 52.5114995),,,,,,,library,,,,,,,,,,,,Q2560329,,,,,,,,,,,,,,,,,,,,,,,,,,,,,,,,,,,,,,,,,,,,,,,,,,,,,,,,,,,,,,,,,,,,,,,,,,,,,,,,,,,,,,,,,,,,,,,,,,,,,,,,,,,,,,,,,,,,,,,,,,,,,,,,,,,
node,12160416171,POINT (13.2777683 52.4481214),Berlin,DE,39,14195,Garystraße,Dahlem,library,,,,Zentralbibliothek der Freien Universität Berlin,Mo-Fr 09:00-20:00,,DE-188,,,limited,"Vorraum über Ihnesstraße, Hillfe ev. durch Angestellte",,,,,wlan,,,,http://www.ub.fu-berlin.de,,,Universitätsbibliothek der Freien Universität Berlin,,,UB,,university,Q2496344,,,,,,,Geoportal Berlin / k5_2012_sw_sued.zip,,,,,,,,,,,,,,,Zentralbibliothek der Freien Universität Berlin,de:Universitätsbibliothek der Freien Universität Berlin,,,,,,,,,,,,,,,,,,,,,,,,,,,,,,,,,,,,,,,,,,,,,,,,,,,,,,,,,,,,,,,,,,,,,,,,,,,,,,,,,,,,,,,,,,,
node,12942410449,POINT (13.3766422 52.526706),,,,,,,library,,,,Patentenbibilothek,,,,,,,,,,,,,,,,,,,,,,,,,,,,,,,,,,,,,,,,,,,,,,,,,,,,,,,,,,,,,,,,,,,,,,,,,,,,,,,,,,,,,,,,,,,,,,,,,,,,,,,,,,,,,,,,,,,,,,,,,,,,,,,,,,,,,,,,,,,
node,13233046383,POINT (13.3278048 52.5073595),Berlin,,4,10623,Fasanenstraße,,library,,,,Bibliothek des Konservatismus,,,,,https://www.bdk-berlin.org/,,,,,,,,,,,,,,,,,,,,,,,,,,,,,,,,,,,,,,,,,,,,,,,,,,,,,,,,,,,,,,,,,,,,,,,,,,,,,,,,,,,,,,,,,,,,,,,,,,,,,,,,,,,,,,,,,,,,,,,,,,,,,,,,,,,,,,
node,13256958201,POINT (13.2951852 52.456514),,,14,,Arnimallee,,library,,,,BoB: Studierenden Zentrum,Mo-Th 08:00-21:00; Fr 08:00-18:00,,,,https://www.physik.fu-berlin.de/fachbereich/raeume/bob/index.html,,,,,,,wlan,,,,,,,,,,,,,,,,,,,,,,,,,,,,,,,,,,,,,,,,,,,,,,,,,,,,,,,,,,,,,,,,,,,,,,,,,,,,,,,,,,,,,,,,,,,,,,,,,,,,,,,,,,,,,,,,,,,,,,,,,,,,,,,
node,13301410694,POINT (13.2924086 52.4653361),Berlin,,94,14195,Bernadottestraße,,library,,,,Bibliothek des Deutschen Zentralinstituts für Soziale Fragen,Mo-Th 10:00-16:00,,DE-B249,,,,,Q28737649,,,,,,,,,,,Deutsches Zentralinstituts für Soziale Fragen,,,,,private_non_profit,,,,,,,,,,,,,,,,,,,,,,,,,,,,,,,,,,,,,,,,,,,,,,,,,,,,,,,,,,,,,,,,,,,,,,,,,,,,,,,,,,,,,,,,,,,,,,,,,,,,,,,,,,,,,,,,,,,
node,13308471228,POINT (13.4211366 52.5353953),Berlin,,216,10405,Prenzlauer Allee,,library,,,,Totschka,Mo 15:00-18:00; Th 09:00-13:00; Fr 15:00-18:00; Sa 14:00-17:00; Su 11:00-17:00,,,,https://www.totschka-berlin.de/,,,,,,+491742099477,,,,info@totschka-berlin.de,,,,,,,,,,,,,,,,,,,,,,,,,,,,,,,,,,,,,,,,,,,,,,,,,,,,,,,,,,,,,,,,,,,,,,,,,,,,,,,,,,,,,,,,,,,,,,,,,,,,,,,,,,,,,,,,,,,,,,,,,,,,
node,13366816284,POINT (13.2483155 52.6099589),,,,,,,library,,,,Ilse-Hinze-Bücherei,"We-Mo 11:00-12:30, Di 16:30-18:00, Mi 09:30-11:00(childs), Th 15:30-17:00",,,,,,,,,,+49 30 4306-651,,,,,,,,,,,,,,,,,,,,,,,,,,,,,,,,,,,,,,,,,,,,,,,,,,,,,,,,,,,,,,,,,,,,,,,,,,,,,,,,,,,,,,,,,,,,,,,,,,,,,,,,,,,,,,,,,,,,,,,,,,,,,,,,
relation,180594,"POLYGON ((13.3923536 52.5175043, 13.3923545 52.5174985, 13.3922237 52.5174907, 13.3922225 52.5174982, 13.3918369 52.5174752, 13.3918381 52.5174675, 13.3916425 52.5174558, 13.3914441 52.517444, 13.3914429 52.517451, 13.3910587 52.517428, 13.3910605 52.5174168, 13.3909287 52.5174089, 13.3909272 52.5174182, 13.3909053 52.5174169, 13.3909036 52.5174276, 13.3908902 52.5174268, 13.3908767 52.5175105, 13.3908911 52.5175114, 13.3908603 52.5177026, 13.3908071 52.5176994, 13.3907905 52.5178019, 13.3908129 52.5178032, 13.3907933 52.517925, 13.3907611 52.5181244, 13.390737 52.5181229, 13.3907229 52.5182106, 13.3907385 52.5182116, 13.3907057 52.5184151, 13.3906899 52.5184142, 13.3906772 52.5184931, 13.3906904 52.5184938, 13.3906885 52.5185058, 13.390703 52.5185066, 13.390665 52.5187422, 13.3906507 52.518831, 13.3906311 52.5188298, 13.3906159 52.5189238, 13.3906396 52.5189252, 13.3906383 52.5189332, 13.3907767 52.5189414, 13.3907778 52.5189344, 13.3912413 52.518962, 13.391239 52.5189768, 13.3913421 52.5189829, 13.3913433 52.518975, 13.391395 52.5189781, 13.3914439 52.518981, 13.3914423 52.5189907, 13.3915411 52.5189966, 13.3915431 52.5189846, 13.3920085 52.5190124, 13.392007 52.5190219, 13.3921439 52.5190301, 13.3921448 52.5190243, 13.3921586 52.5190251, 13.3921597 52.519018, 13.3921695 52.5190186, 13.3921845 52.5189256, 13.3921655 52.5189245, 13.3921881 52.5187847, 13.3922169 52.5186056, 13.3922392 52.5186069, 13.3922405 52.5185989, 13.3922525 52.5185996, 13.3922664 52.5185133, 13.3922561 52.5185127, 13.392277 52.5183835, 13.3922886 52.5183114, 13.3923005 52.5183122, 13.3923138 52.5182292, 13.3922957 52.5182281, 13.3922972 52.5182185, 13.3922859 52.5182178, 13.3923165 52.5180277, 13.3923339 52.5179199, 13.3923375 52.5178979, 13.3923625 52.5178994, 13.3923789 52.517798, 13.3923279 52.517795, 13.392359 52.5176021, 13.3923712 52.5176029, 13.3923847 52.517519, 13.3923717 52.5175182, 13.3923738 52.5175056, 13.3923536 52.5175043), (13.3918067 52.5176233, 13.3918078 52.5176169, 13.3920386 52.5176317, 13.3919998 52.5178554, 13.391703 52.5178363, 13.3917056 52.5178215, 13.3916595 52.5178185, 13.3915815 52.5178135, 13.3915143 52.5178092, 13.3914561 52.5178055, 13.3914534 52.5178208, 13.3911568 52.5178018, 13.3911957 52.5175776, 13.3914252 52.5175924, 13.3914241 52.5175987, 13.3914482 52.5176002, 13.3914473 52.5176057, 13.3914758 52.5176076, 13.3914768 52.5176021, 13.3915508 52.5176068, 13.3915499 52.5176121, 13.3915788 52.517614, 13.3915797 52.5176087, 13.3916163 52.517611, 13.3916512 52.5176133, 13.3916503 52.5176184, 13.3916788 52.5176202, 13.3916797 52.5176151, 13.3917552 52.51762, 13.3917542 52.5176253, 13.3917811 52.517627, 13.391782 52.5176217, 13.3918067 52.5176233), (13.3922198 52.5178416, 13.3922075 52.5179219, 13.3920793 52.5179146, 13.3920916 52.5178344, 13.3922198 52.5178416), (13.3913478 52.5181146, 13.390957 52.518091, 13.3909821 52.5179378, 13.3913382 52.5179594, 13.391326 52.5180343, 13.3913606 52.5180364, 13.3913478 52.5181146), (13.3917686 52.5179872, 13.3921309 52.5180098, 13.3921052 52.5181629, 13.3917288 52.5181395, 13.3917421 52.5180601, 13.3917562 52.518061, 13.3917686 52.5179872), (13.39091 52.5184258, 13.3909408 52.5182273, 13.3911875 52.5182415, 13.3911567 52.51844, 13.39091 52.5184258), (13.3920477 52.5184964, 13.3917884 52.5184807, 13.3918203 52.5182847, 13.3920796 52.5183003, 13.3920477 52.5184964), (13.3908854 52.5185617, 13.3911366 52.5185759, 13.3910945 52.5188512, 13.3908433 52.518837, 13.3908854 52.5185617), (13.3919765 52.5189093, 13.3917198 52.5188934, 13.3917661 52.5186168, 13.3920228 52.5186326, 13.3919765 52.5189093))",Berlin,DE,8,10117,Unter den Linden,Mitte,library,,,,Staatsbibliothek zu Berlin,Mo-Sa 08:00-22:00; Su 10:00-18:00,,DE-1,yes,,yes,,Q2324837,Category:Staatsbibliothek zu Berlin (Unter den Linden),de:Staatsbibliothek Unter den Linden,+49 30 266433888,wlan,customers,,,https://staatsbibliothek-berlin.de/,,,Preußischer Kulturbesitz,,,SBB;Stabi,Berlin State Library,public,Q685171,,,,yes,,,,yes,,,,,,,,,,Haus Unter den Linden,,,,Staatsbibliothek zu Berlin,de:Stiftung Preußischer Kulturbesitz,,,,,,,,,,,,,,,,,,,,,,,,Bibliothèque d'État de Berlin,,,,,,,,,1661,,,,library,many,,,4,,4,lda,Baudenkmal,,,,,09095953,1,,,,,,ベルリン州立図書館,https://denkmaldatenbank.berlin.de/daobj.php?obj_dok_nr=09095953,Ernst von Ihne,Берлинская государственная библиотека,,,,,,,,,,,,,,,,,multipolygon,Q315281,Unter den Linden,neobarocco,no,Biblioteca Estatal de Berlín,ספריית המדינה בברלין,베를린 주립도서관,Statsbiblioteket i Berlin,Biblioteka Państwowa w Berlinie,Berlin Eyalet Kütüphanesi,柏林国立图书馆,https://staatsbibliothek-berlin.de/vor-ort/menschen-mit-behinderung,1903..1914,
relation,2728323,"POLYGON ((13.3397525 52.5418231, 13.3398002 52.5418265, 13.3397977 52.5418394, 13.340208 52.5418687, 13.340217 52.5418219, 13.3403389 52.5418306, 13.3403515 52.5417655, 13.3403397 52.5417647, 13.3403496 52.5417135, 13.3403575 52.5416729, 13.3403707 52.5416738, 13.3403837 52.5416068, 13.3402664 52.5415984, 13.3402754 52.5415521, 13.3398626 52.5415226, 13.3398543 52.5415654, 13.3395214 52.5415416, 13.339477 52.5415946, 13.3394422 52.5416501, 13.3394529 52.5417121, 13.3394775 52.5417686, 13.3397591 52.5417888, 13.3397525 52.5418231), (13.3398357 52.5417251, 13.3398526 52.5416335, 13.3399446 52.5416407, 13.3399264 52.5417324, 13.3398357 52.5417251))",Berlin,DE,1,13353,Weststraße,Wedding,library,,,,Charité Medizinische Bibliothek Campus Virchow-Klinikum,Mo-Fr 09:00-20:00; Sa 09:00-18:00,,DE-578-3,,https://bibliothek.charite.de/,,,Q28738830,,,,wlan,,,,,,,,,,,,,,,,,,,,,,,,,,,,,,,Forum 1,,,,,,,,,,,,,,,,,,,,,,,,,,,,,,,,,,,,,,,,,,yes,,,,,,,,,,,,,,,,,,,,,,,,,,,,,,,,,,,,,,,,multipolygon,,,,,,,,,,,,,,
relation,9261463,"POLYGON ((13.3692037 52.5063844, 13.3690201 52.5064012, 13.3690358 52.5064983, 13.3690644 52.5066945, 13.3690806 52.5067227, 13.3692636 52.506684, 13.3692639 52.5066735, 13.3694979 52.5066605, 13.3695334 52.5068929, 13.3695665 52.5068918, 13.3695711 52.5069288, 13.3695757 52.5069665, 13.3693135 52.5070283, 13.3693903 52.5072321, 13.3695465 52.5072547, 13.369561 52.5072422, 13.3697393 52.5072275, 13.3697387 52.5072143, 13.3698608 52.5072138, 13.3700268 52.5072131, 13.3702733 52.5076375, 13.3703818 52.5076312, 13.3704616 52.5076266, 13.3704903 52.5076466, 13.3704148 52.5076874, 13.3703762 52.5077083, 13.370444 52.5077548, 13.3705269 52.5078116, 13.3705655 52.5077907, 13.370641 52.5077499, 13.3706639 52.5077671, 13.3706378 52.507782, 13.3707958 52.5078904, 13.37081 52.5079006, 13.3708206 52.5079082, 13.3708608 52.5078913, 13.37096 52.5078571, 13.3713065 52.5082243, 13.3712966 52.508292, 13.3712558 52.5085829, 13.3713216 52.5085838, 13.3715314 52.5086363, 13.3715479 52.5086098, 13.3715931 52.5085418, 13.3715339 52.5085272, 13.371534 52.5084239, 13.3715341 52.5083475, 13.3715341 52.5082889, 13.3715344 52.5080808, 13.3715409 52.507515, 13.3716176 52.5074857, 13.3712163 52.5066182, 13.3712944 52.5065998, 13.371279 52.506567, 13.3712611 52.5065701, 13.3711531 52.5063336, 13.3706808 52.5064012, 13.3706113 52.5064108, 13.3705558 52.5064185, 13.3702831 52.5064354, 13.3702407 52.506438, 13.369763 52.5064645, 13.369749 52.5063762, 13.3694563 52.5063934, 13.3694571 52.5063988, 13.3693265 52.5064082, 13.3693259 52.5064062, 13.3693166 52.5063721, 13.3692037 52.5063844), (13.3694843 52.5065695, 13.3692427 52.5065819, 13.3692311 52.5064986, 13.369471 52.5064863, 13.3694843 52.5065695), (13.3709424 52.5065743, 13.3707714 52.5066082, 13.3707338 52.506532, 13.3709121 52.5065039, 13.3709424 52.5065743), (13.3703096 52.5068939, 13.3701193 52.5069047, 13.3701177 52.506893, 13.3700738 52.5066213, 13.3702665 52.5066109, 13.3703096 52.5068939), (13.371153 52.5077882, 13.3710661 52.5076954, 13.3711587 52.5076651, 13.3711729 52.5076604, 13.3712238 52.5077044, 13.3712607 52.5076985, 13.3713012 52.5077904, 13.3712057 52.5078208, 13.3711717 52.5077817, 13.371153 52.5077882))",Berlin,DE,33,10785,Potsdamer Straße,Tiergarten,library,2025-11-12,,,Staatsbibliothek zu Berlin,Mo-Sa 08:00-22:00; Su 10:00-18:00,,DE-1a,,,limited,,Q1675021,,de:Staatsbibliothek Potsdamer Straße,+49 30 266433888,wlan,customers,,info@sbb.spk-berlin.de,http://staatsbibliothek-berlin.de/,,,Stiftung Preußischer Kulturbesitz,,,SBB-PK;SBB;Stabi Berlin,,public,,,,,,,,,yes,,,,,,,,,,,,,,,,,,,,,,,,,,,,,,,,,,,,,,,,,,,,,,,,1978,,,,library,,,,12,,4,lda,Baudenkmal,,,,,09050409,,,,,,,,,Hans Scharoun,,,,,,,,,,,,,,,,,,multipolygon,Q57481,,modern,,,,,,,,,,1967-1978,
relation,14584232,"POLYGON ((13.3576185 52.4264169, 13.3576253 52.4264019, 13.357642 52.4263673, 13.3576575 52.4263348, 13.3576718 52.4263057, 13.3576097 52.4262945, 13.3575968 52.4262923, 13.3575664 52.4262868, 13.3575337 52.4262808, 13.3575168 52.4262779, 13.3574778 52.4262709, 13.3574624 52.4263028, 13.3574472 52.4263347, 13.3574323 52.4263657, 13.3574188 52.4263937, 13.3570692 52.4263307, 13.3569691 52.4265378, 13.3575514 52.4266425, 13.3576515 52.4264353, 13.3576352 52.4264324, 13.3576131 52.4264283, 13.3576185 52.4264169))",Berlin,DE,74-100,12249,Malteserstraße,Lankwitz,library,,,,Haus O / Bibliothek,,,DE-188-835,,,yes,,,,,,,,,,,,,Universitätsbibliothek der Freien Universität Berlin,,,,,university,Q2496344,,,,,,,,,,Haus O,,,,,,,,,,,,,,,,,,,,,,,,,,,,,,,,,,,,,,,,,,,,,,,,,,university,flat,,,3;1,,,,,,,,,,,,,,,,,,,,,,,,,,,,,,,,,,,,multipolygon,,,,,,,,,,,,,,tar_paper
relation,18475778,"POLYGON ((13.4043805 52.5154511, 13.4042293 52.515374, 13.4040483 52.5155066, 13.4038658 52.5156408, 13.4040412 52.515729, 13.4039669 52.5157847, 13.4044942 52.5160496, 13.4048882 52.5157127, 13.4048345 52.5156867, 13.4048402 52.5156811, 13.4043977 52.5154608, 13.4043805 52.5154511), (13.4043274 52.5155138, 13.4044594 52.5155825, 13.4042344 52.5157434, 13.4041081 52.5156793, 13.4043274 52.5155138))",Berlin,DE,30-36,10178,Breite Straße,Mitte,library,,2024-06-08,,Berliner Stadtbibliothek,Sa 10:00-19:00; Mo-Fr 10:00-21:00,,DE-109,yes,,yes,,Q821763,Category:Berliner Stadtbibliothek,de:Berliner Stadtbibliothek,,terminal,no,Hotsplots,,https://www.zlb.de/standorte/berliner-stadtbibliothek/,,,Stiftung Zentral- und Landesbibliothek Berlin,,,,,public,,,yes,,,,,,,,,,,,,,,,,,,,,,,,,,,,,,,,,,,,,,,,,,,,,,,,,,,,,,,,,,,,,,,,,,,,,,,,,,,,,,,,,,,,,,,,,,,,,,,,,,multipolygon,,,,,,,,,,,,,,
way,12183522,"POLYGON ((13.3154144 52.5715554, 13.3155148 52.571542, 13.3155101 52.571529, 13.3157751 52.5714936, 13.3157602 52.5714523, 13.3156912 52.5712616, 13.3155048 52.5712865, 13.3155316 52.5713607, 13.3154518 52.5713714, 13.3154253 52.571298, 13.3153261 52.5713112, 13.3154144 52.5715554))",Berlin,DE,29-31,13403,Auguste-Viktoria-Allee,Reinickendorf,library,,,,Stadtteilbibliothek Reinickendorf West,"Tu,Th 13:00-18:00",,none,,,,,,,,,,,,,,,,,,,,,,,,,,,,,,,,,,,,,,,,,,,,,,,,,,,,,,,,,,,,,,,,,,,,,,,,,,,,,,,,,,library,flat,,,,,,,,,,,,,,,,,,,,,,,,,,,,,,,,,,,,,,,,,,,,,,,,,,,,,
way,16112544,"POLYGON ((13.3925348 52.4967515, 13.3926776 52.4967715, 13.3930885 52.4968381, 13.3931363 52.4967398, 13.3931488 52.4967126, 13.3932616 52.4967313, 13.3933725 52.4964832, 13.3933418 52.4964781, 13.3933039 52.4964718, 13.3932866 52.4964692, 13.3930291 52.496426, 13.3930123 52.4964635, 13.3929819 52.4964594, 13.3925033 52.4963942, 13.3921566 52.4963633, 13.391802 52.4963459, 13.3917851 52.4965287, 13.3916565 52.4965234, 13.3916484 52.4966057, 13.3920899 52.4966324, 13.3923332 52.4966549, 13.3924169 52.4966642, 13.3924579 52.4966687, 13.3924364 52.4967363, 13.3924348 52.4967415, 13.3925348 52.4967515))",Berlin,DE,1,10961,Blücherplatz,Kreuzberg,library,,,,Amerika-Gedenkbibliothek,Mo-Fr 10:00-21:00; Sa 10:00-19:00; Su 11:00-17:00; PH off,,DE-109,yes,,yes,,Q467903,Category:Amerika-Gedenkbibliothek,de:Amerika-Gedenkbibliothek,+49 30 90226 401,wlan,no,,,http://zlb.de/,,,Stiftung Zentral- und Landesbibliothek Berlin,,info@zlb.de,AGB,,public,,,yes,,,,,,,,,,,,,,,,,,,,,,,,,,,,,,,,,,,,,,,,,,,,,,,,,,,,,,,,,,civic,flat,Verbund der Öffentlichen Bibliotheken Berlins,#ffe0a0,6,limestone,4,lda,Baudenkmal,Verbund der Öffentlichen Bibliotheken Berlins,VÖBB,Q1256998,de:Verbund Öffentlicher Bibliotheken Berlins,09031119,0,,,,,,,,,,,,,,,,,,,,,,,,,,,,,,,,,,,,,,,,
way,22495442,"POLYGON ((13.2799443 52.5918845, 13.2805437 52.5920242, 13.2811521 52.5921643, 13.2812625 52.5919888, 13.2805037 52.5918125, 13.2805203 52.5917896, 13.2801966 52.5917233, 13.2801868 52.5917389, 13.2800527 52.5917077, 13.2799443 52.5918845))",Berlin,DE,19,13507,Karolinenstraße,Tegel,library,,2022-06-26,,Humboldt-Bibliothek,Mo-Fr 11:00-19:00; Sa 11:00-16:00,,DE-B714,,,yes,,Q27926646,Category:Humboldt-Bibliothek,de:Humboldt-Bibliothek,,wlan,,,,,,,,,,,,,,,,,,,,,,,,,,,,,,,,,,,,,,,,,,,,,,,,,,,,,,,,,,,,,,,,,,,,,,,,,library,,,,,,,,Baudenkmal,,,,,,,,,,,,,,,,,,,,,,,,,,,,,,,,,,,,,,,,,,,,,,
way,23462698,"POLYGON ((13.3506768 52.4842392, 13.3501353 52.4839742, 13.350165 52.4839516, 13.3501601 52.4839496, 13.3502174 52.483906, 13.3502506 52.4838813, 13.3502796 52.4838957, 13.3503139 52.4838685, 13.3506382 52.4840271, 13.3506033 52.4840536, 13.350636 52.4840698, 13.3507715 52.483967, 13.3507855 52.4839737, 13.3508279 52.4839385, 13.3508994 52.4839737, 13.3509504 52.4839987, 13.3509056 52.4840329, 13.350931 52.4840452, 13.3507487 52.4841843, 13.3506768 52.4842392))",Berlin,DE,40,10827,Hauptstraße,Schöneberg,library,,,,Theodor-Heuss-Bibliothek,Mo-Sa 10:00-19:00,,DE-B704,yes,,yes,,Q28681428,,,+49 30 902774574,wlan,,,,https://www.berlin.de/stadtbibliothek-tempelhof-schoeneberg/bibliotheken/mittelpunktbibliothek-schoeneberg/,,,,,,,,,,,,,,,,,,,Mittelpunktbibliothek Schöneberg,+49 30 902772814,,,,,,,,,,,,,,,,,,,,,,,,,,,,,,,,,,,,,,,,,,,,,,,,,civic,flat,,#6e4e47,2,brick,,,,,,,,,,#a1a7a5,,,,,,,,,,,,,,,,,,,,,,,,,,,,,,,,,,,,,,,
way,24027160,"POLYGON ((13.3198757 52.4873589, 13.3198884 52.4870496, 13.3198896 52.4870197, 13.3198906 52.4869952, 13.3199971 52.4869369, 13.3200149 52.4869484, 13.3200406 52.486965, 13.3201486 52.4870349, 13.3201509 52.4870363, 13.3201815 52.4870402, 13.3201767 52.487061, 13.3202033 52.4870632, 13.3201925 52.4873607, 13.3201009 52.4873595, 13.3201004 52.4873619, 13.320082 52.4873622, 13.3198993 52.4873586, 13.3198757 52.4873589))",Berlin,DE,2,10713,Brandenburgische Straße,Wilmersdorf,library,,,WLAN frei für 30 Minuten,Dietrich-Bonhoeffer-Bibliothek,Mo-Fr 12:00-19:00; Sa 11:00-16:00,,,,,yes,,Q55153027,,,+49 30 902915900;+49 30 902915900907,wlan,yes,QSC AG,,https://www.berlin.de/ba-charlottenburg-wilmersdorf/verwaltung/aemter/weiterbildung-und-kultur/bibliotheken/dietrichbonhoefferbibliothek-201474.php,,,,,,,,public,,,,,,,,,,,,,,,,,,,,,,,,,,,,,,,,,,,,,,,,,,,,,,,,,,,,,,2022-12-10,,,,,,,commercial,,,,5,,,,,,,,,,0,,,,,,,,,,,,,,,,,,,,,,,,,,,,,,,,,,,,,,,,
way,24035294,"POLYGON ((13.4565796 52.5146503, 13.4565559 52.5145521, 13.4575241 52.5144529, 13.4575493 52.5145498, 13.4574272 52.5145636, 13.4574423 52.5146181, 13.4572524 52.5146371, 13.4572226 52.51464, 13.4572079 52.5145862, 13.4571638 52.5145915, 13.4565796 52.5146503))",Berlin,DE,14a,10247,Frankfurter Allee,Friedrichshain,library,2025-10-20,2023-05-06,WLAN frei für 30 Minuten; Abdeckung: im gesamten Gebäude und im unmittelbaren Außenbereich,Bezirkszentralbibliothek Friedrichshain-Kreuzberg Pablo Neruda,"Mo-Sa 10:00-19:00, Fr 17:00-19:00 ""servicefrei"", Sa 15:00-19:00 ""servicefrei""; Su,PH off",+4930902985750,DE-B458,yes,,yes,,,,,,wlan,no,Daphi GmbH,,https://www.berlin.de/stadtbibliothek-friedrichshain-kreuzberg/bibliotheken/bezirkszentralbibliothek-pablo-neruda/,,,,,info-stadtbibliothek@ba-fk.berlin.de,,,,,,,,,,,,yes,public,,,,,,,,,,,,,,,,,,,Heinrich-Hertz-Oberschule,,,,,,,,,,,,,,,,,,,,,,,,,,,,,,,,yes,,,,3,,,,,,,,,,,,,,,,,,,,,,,,,,,,,,,,,,,,,,,,,,,,,,,,,,
way,24725699,"POLYGON ((13.3601317 52.5659917, 13.3601742 52.5658942, 13.359847 52.5658414, 13.3599101 52.5657072, 13.3597784 52.5656851, 13.3597456 52.5657595, 13.3591456 52.5656625, 13.3590978 52.5657739, 13.3594338 52.5658301, 13.3594319 52.5658335, 13.3594424 52.5658357, 13.3594258 52.5658747, 13.3594281 52.5658751, 13.3594336 52.565876, 13.3594364 52.5658734, 13.3595255 52.5658871, 13.3595238 52.565891, 13.3596094 52.5659049, 13.3595742 52.5659867, 13.3596772 52.5660042, 13.3597193 52.565923, 13.3601317 52.5659917))",Berlin,DE,11;13,13407,Stargardtstraße,Reinickendorf,library,,,Bibliothek,Stadtteilbibliothek Reinickendorf Ost,"Mo,Fr 13:00-18:00; Tu-Th,Sa,Su off",,,yes,,yes,,Q106653783,Category:Bibliothek am Schäfersee,,+49 30 451988980,wlan,,,,https://www.berlin.de/stadtbibliothek-reinickendorf/bibliotheken/bibliothek-am-schaefersee/artikel.336756.php,,,,,,,,,,,,,,,,Geoportal Berlin / ALKIS Berlin - Gebäude,,,Bibliothek am Schäfersee,+49 30 4519889825,,,,,,,,,,Q694034,,,,,,,,,,,,,,,,,,,,,,,,,,,,,,,,,,,1962,,,,library,flat,,,1,,4,lda,Baudenkmal,,,,,09012387,,,yes,,,,,,,,,,,,,,,,,,,,,,,,,,,,,,,,,,,,,,
way,25041070,"POLYGON ((13.5738932 52.5683629, 13.5739098 52.5683817, 13.5739389 52.5683722, 13.5739526 52.5683876, 13.5741473 52.5683239, 13.5739997 52.5681572, 13.573808 52.5682199, 13.5738513 52.5682688, 13.5738217 52.5682784, 13.5738932 52.5683629))",Berlin,DE,17B,,Havemannstraße,Marzahn,library,,,,"Stadtbibliothek ""Heinrich von Kleist""","Mo,Tu 13:00-18:00; We,Fr 09:00-14:00; Th 13:00-19:00",+49 30 9339380,,,https://www.berlin.de/bibliotheken-mh/bibliotheken/stadtteilbibliothek-heinrich-von-kleist/,,,Q108747059,Category:Stadtteilbibliothek Heinrich von Kleist,,,,,,,,,,,,bibl.service@ba-mh.berlin.de,,,,,,,,,,,,,,,,,,,,,,,,,,,,,,,,,,,,,,,,,,,,,,,,,,,,,,,,,,,,,,,,commercial,flat,,,1,,,,,,,,,,,,,12689,,,,,,,,,,,,,,,,,,,,,,,,,,,,,,,,,,,,,
way,28492570,"POLYGON ((13.3305481 52.5106677, 13.3302175 52.5102382, 13.3300535 52.510025, 13.3306184 52.509864, 13.3308829 52.5102085, 13.3310646 52.5104434, 13.3313674 52.5108305, 13.3307973 52.5109916, 13.3305481 52.5106677))",Berlin,DE,"86,87,88",10623,Fasanenstraße,Charlottenburg,library,,2024-05-27,"The Volkswagen-Haus contains the Zentralbibliothek of Technische Universität Berlin, but its Address is only Universitätsbibliothek (UB)",Universitätsbibliothek TU Berlin (Zentralbibliothek),24/7,+49 30 314-76101,DE-B170,yes,http://www.ub.tu-berlin.de/,yes,,Q28650451,,,,wlan,,,,http://www.ub.tu-berlin.de/,,,Technische Universität Berlin;Universität der Künste Berlin,,,UB TU Berlin,,,,,yes,,,,,,,,Volkswagen-Haus mit der Zentralbibliothek der TU;Universitätsbibliothek der UdK Berlin,,,,,,,,BIB,,,,,,,,,,,,,,,,,,,,,,,,,,,,,,,,,,,,,,,TU.Berlin,tu_berlin,,university,flat,,,5,,,,,,,,,,0,,,,TUBerlin,,,,,,,,,,,,,,,,,,,,,,,,,,,,,,,,,,,,
way,30087814,"POLYGON ((13.366628 52.4166559, 13.366717 52.4167694, 13.3667233 52.4167676, 13.3667348 52.4167823, 13.3669792 52.4167141, 13.3670327 52.4167811, 13.3667977 52.4168492, 13.3668397 52.4169004, 13.3668374 52.4169011, 13.3666218 52.4169635, 13.3665819 52.4169117, 13.3665474 52.4169214, 13.3665266 52.416894, 13.3664944 52.4168516, 13.366529 52.4168418, 13.3664296 52.416713, 13.366628 52.4166559))",Berlin,DE,107,12277,Marienfelder Allee,Marienfelde,library,,,,Stadtteilbibliothek Marienfelde,"Mo,Fr 10:00-15:00; Tu,Th 12:00-18:00",+49 30 902774144,,,,,,Q125306893,,,,,,,,,,,,,,,,,,,,,,,,,,,,,,,,,,,,,,,,,,,,,,,,,,,,,,,,,,,,,,,,,,,,,,,,,,,,,office,,,,2,,,,,,,,,,0,,,,,,,,,,,,,,,,,,,,,,,,,,,,,,,,,,,,,,,,
way,31046932,"POLYGON ((13.2765306 52.4494045, 13.276303 52.4493087, 13.2761811 52.449257, 13.2760657 52.4492077, 13.2759071 52.4491408, 13.2759241 52.4491241, 13.2757869 52.4490689, 13.2759333 52.4489454, 13.2759925 52.4489733, 13.2760186 52.4489541, 13.2761199 52.4489856, 13.2762144 52.4490257, 13.2764892 52.449218, 13.2763909 52.4493092, 13.2765591 52.4493821, 13.2765306 52.4494045))",,,,,,,library,,,,FU Institut für Soziologie,,,,,,yes,,,,,,,,,,,,,Universitätsbibliothek der Freien Universität Berlin,,,Soziologie,FU Institute of Sociology,university,Q2496344,,,,,,,,,,,,,,,,,,,,,,,de:Universitätsbibliothek der Freien Universität Berlin,,,,,,,,,,,,,,,,,,,,,,,,,,,,,,,,,,,,,yes,,,,,,,,,,,,,,,,,,,Sociology,,,,,,,,,,,,,,,,,,,,,,,,,,,,,,,,,,,
way,37588849,"POLYGON ((13.5261738 52.4925043, 13.5262443 52.492521, 13.526237 52.4925324, 13.5263672 52.4925633, 13.5263347 52.4926142, 13.5263622 52.4926208, 13.5262313 52.4928253, 13.5261902 52.4928156, 13.5261745 52.4928401, 13.5260404 52.4928083, 13.5260473 52.4927976, 13.5259891 52.4927838, 13.5261245 52.4925722, 13.5261478 52.4925358, 13.5261529 52.492537, 13.5261738 52.4925043))",Berlin,DE,8,10318,Treskowallee,Karlshorst,library,2025-10-09,,,Haus B Bibliothek Campus Treskowallee,,,,no,,limited,"Barrierefreier Zugang über Hof am Atrium mit Klingel für Rollifahrer, Personal kommt runter, Behinderten-WC im Nachbargebäude A",,,,+49 30 50190,,,,,http://www.htw-berlin.de,,,,,,,,,,,,,,,,,,,,,,,,,,,,,,,,,,,,,,,,,,,,,,,,,,,,,,,,,,,,,,,,,,,,,school,flat,,,3,,,,,,,,,,,,,,,,,,,,,,,,,,,,,,,,,,,,,,,,,,,,,,,,,,
way,37739166,"POLYGON ((13.4185093 52.4996971, 13.4183359 52.4997425, 13.4184743 52.4999363, 13.4184944 52.4999651, 13.4186655 52.4999202, 13.4185093 52.4996971))",Berlin,DE,2,10999,Adalbertstraße,Kreuzberg,library,,,,Mittelpunktbibliothek Adalbertstraße,Mo-Th 11:00-19:00; Fr 11:00-17:00; Sa 11:00-16:00,,,yes,https://www.berlin.de/stadtbibliothek-friedrichshain-kreuzberg/bibliotheken/mittelpunktbibliothek-wilhelm-liebknecht-namik-kemal/,yes,,Q125306867,Category:Mittelpunktbibliothek Adalbertstraße (Berlin),,,yes,no,,,,,,,,,,,,,,,,,,,,,,,,,,,,,,,,,,,,,,,,,,,,,,,,,,,,,,,,,,,,,,,,,,,,,,,,civic,,,,4,,,,,,,,,,,,,,,,中央図書館 アダルバルト通り,,,,,,,,,,,,,,,,,,,,,,,,,,,,,,,,,,
way,37975301,"POLYGON ((13.3508094 52.435916, 13.3508549 52.4359493, 13.3509328 52.4360024, 13.3507582 52.4360982, 13.3507376 52.4360841, 13.3504712 52.4362282, 13.3503193 52.4361238, 13.3505033 52.4360242, 13.3505608 52.4360637, 13.350643 52.4360192, 13.3506323 52.4360118, 13.3508094 52.435916))",Berlin,DE,37,12247,Bruchwitzstraße,Lankwitz,library,,,,Stadtteilbibliothek Lankwitz,"Mo,Tu,Th,Fr 11:00-19:00; We 11:00-16:00",,,no,https://www.berlin.de/stadtbibliothek-steglitz-zehlendorf/bibliotheken/stadtteilbibliothek-lankwitz,no,,Q125306887,,,,,,,,,,,,,,,,,,,,,,,,,,,,,,,,,,,,,,,,,,,,,,,,,,,,,,,,,,,,,,,,,,,,,,,,,,,,,yes,,,,,,,,,,,,,,,,,,,,,,,,,,,,,,,,,,,,,,,,,,,,,,,,,,,,,,
way,38358625,"POLYGON ((13.2776815 52.4469778, 13.2775614 52.446869, 13.2775489 52.4468577, 13.2778005 52.4467567, 13.2778012 52.4467527, 13.2778028 52.4467489, 13.2778055 52.4467454, 13.2778093 52.4467421, 13.2778139 52.4467394, 13.2778193 52.4467372, 13.2778253 52.4467357, 13.2778316 52.4467348, 13.277838 52.4467347, 13.2778443 52.4467354, 13.2778503 52.4467364, 13.2781014 52.446637, 13.278159 52.4466892, 13.2782319 52.4467552, 13.2780032 52.4468487, 13.2780261 52.4468542, 13.278029 52.4468714, 13.2780102 52.4468873, 13.2779596 52.4469066, 13.2779336 52.4469095, 13.2779096 52.4469052, 13.2779034 52.44689, 13.2776815 52.4469778))",Berlin,DE,14,14195,Boltzmannstraße,Dahlem,library,,,,Archiv der Max-Planck-Gesellschaft,,,DE-B1518,,,,,,,de:Archiv der Max-Planck-Gesellschaft,,,,,,,,,,,,,,,,,,,,,,Geoportal Berlin / k5_2012_sw_sued.zip,,,,,,,,,,,,,,,,,,,,,,,,,,,,,,,,,,,,,,,,,http://commons.wikimedia.org/wiki/File:Dahlem_Boltzmannstra%C3%9Fe_Archiv_der_Max-Planck-Gesellschaft.JPG,,,,,,,,,,,,yes,,,,,,4,lda,Baudenkmal,,,,,09075310,,,,,,,,http://www.stadtentwicklung.berlin.de/cgi-bin/hidaweb/getdoc.pl?DOK_TPL=lda_doc.tpl&KEY=obj%2009075310,,,,,,,,,,,,,,,,,,,,,,,,,,,,,,,,,
way,43041469,"POLYGON ((13.3812356 52.5285786, 13.3813721 52.5284086, 13.3809856 52.5282938, 13.3809218 52.5283733, 13.3808538 52.528458, 13.3811266 52.528539, 13.3809784 52.5287236, 13.3809096 52.5287032, 13.3808803 52.5287397, 13.3808521 52.5287313, 13.3808238 52.5287228, 13.3808327 52.5287111, 13.3808074 52.5287038, 13.380841 52.5286608, 13.3807918 52.5286466, 13.3807758 52.528667, 13.3806416 52.5286282, 13.3805982 52.5286838, 13.3805859 52.5286802, 13.3805513 52.5287244, 13.380564 52.5287281, 13.3805176 52.5287874, 13.3805558 52.5287984, 13.3805459 52.5288111, 13.3806115 52.5288301, 13.3806209 52.5288181, 13.3807067 52.528843, 13.3807467 52.5287919, 13.3807286 52.5287866, 13.3807698 52.528734, 13.3808061 52.5287449, 13.3808355 52.5287536, 13.3810627 52.5288211, 13.3811625 52.5286968, 13.3814628 52.528786, 13.3814389 52.5288159, 13.3816537 52.5288797, 13.3816785 52.5288487, 13.3819822 52.5289389, 13.3818846 52.5290605, 13.3820831 52.5291194, 13.3821312 52.5290595, 13.3820543 52.5290366, 13.3822459 52.5287979, 13.382321 52.5288202, 13.3823687 52.5287608, 13.3821716 52.5287023, 13.3820721 52.5288262, 13.3817176 52.5287209, 13.3817646 52.5286623, 13.3817751 52.5286655, 13.3817832 52.5286553, 13.3818545 52.5285665, 13.3818693 52.5285481, 13.3817309 52.528507, 13.3816848 52.5285644, 13.3816702 52.5285826, 13.3815941 52.5285599, 13.3815423 52.5286245, 13.3816 52.5286417, 13.3815854 52.5286599, 13.3816041 52.5286655, 13.3815895 52.5286837, 13.3812356 52.5285786))",Berlin,DE,1-2,10115,Hessische Straße,Mitte,library,,2025-07-18,,Zweigbibliothek Campus Nord,Mo-Fr 09:00-20:00; Sa 11:00-19:00,+49 30 209399600,DE-11-97,,https://www.ub.hu-berlin.de/standorte/campus-nord,yes,,,,,+49 30 20933232,wlan,no,,,,,Zur Nutzung der Garderobenschränke bitte ein Vorhängeschloss mitbringen.,Universitätsbibliothek der Humboldt-Universität zu Berlin,,cano@ub.hu-berlin.de,,,university,Q1407819,,no,,,,,,,,,,,+49 30 209399601,,,yes,,,,,,,,,,,,1. Chemisches Institut der Universität Berlin,,,,,,,,,,,,,,,,,,,,,,,,,,,,,,,,university,,,,3,,4,lda,,,,,,09011074,0,,,,,,,,,,,,,,,,,,,,,,,,,,,,,,,,,,,,,,,,
way,43174774,"POLYGON ((13.390285 52.5207258, 13.3903099 52.5205813, 13.3903493 52.5203528, 13.3903551 52.5203192, 13.3911108 52.5203675, 13.3917672 52.5204094, 13.3917534 52.5204891, 13.3917371 52.5205838, 13.391697 52.5208161, 13.3906058 52.5207463, 13.390285 52.5207258))",Berlin,DE,1/3,10117,Geschwister-Scholl-Straße,Mitte,library,2025-07-28,2025-07-28,,Jacob-und-Wilhelm-Grimm-Zentrum,"Mo-Fr 09:00-24:00, Sa,Su 10:00-22:00",,DE-11,yes,https://www.grimm-zentrum.hu-berlin.de/,yes,,Q1525910,Category:Jacob-und-Wilhelm-Grimm-Zentrum (Berlin),de:Jacob-und-Wilhelm-Grimm-Zentrum,,wlan,no,,,,,,Universitätsbibliothek der Humboldt-Universität zu Berlin,,ub.kontakt@ub.hu-berlin.de,,,university,Q1407819,,yes,yes,,,,survey,,,,,,,,,,,,,,,,,,,,,,,,,,,,,,,,,,,,,,,,,,,,,,,,,,,,,civic,flat,,,11,,,,,,,,,,,,,,,,,,Max Dudler Architekten,Центр Братьев Гримм,no,,,,,,,,,,,,,,,,,,,,,,,,,,,,,,
way,46767153,"POLYGON ((13.2452326 52.5720552, 13.2453762 52.5719931, 13.2452751 52.5719067, 13.2453886 52.5718576, 13.2452966 52.571779, 13.2451675 52.5718348, 13.2450522 52.5717363, 13.2449482 52.5717813, 13.2450489 52.5718674, 13.2448885 52.5719367, 13.2449671 52.5720038, 13.2451035 52.5719448, 13.2452326 52.5720552))",,,,,,,library,,,,Bibliothek,,,,,,,,,,,,,,,,,,,,,,,,,,,,,,,,,,,,,,,,,,,,,,,,,,,,,,,,,,,,,,,,,,,,,,,,,,,,,,,,,,,,,education,flat,,,,,,,,,,,,,,grey,,,,,,,,,,,,,,,,,,,,,,,,,,,,,,,,,,,,,,,
way,48233792,"POLYGON ((13.5913011 52.5464739, 13.5913304 52.5465526, 13.5916981 52.5465031, 13.5915317 52.5460443, 13.5914333 52.5460586, 13.5914355 52.5460632, 13.5914021 52.546067, 13.5913829 52.5460699, 13.5914823 52.5463343, 13.5913283 52.5463565, 13.5913678 52.5464641, 13.5913011 52.5464739))",Berlin,DE,125,12629,Alte Hellersdorfer Straße,Hellersdorf,library,,,,"Mittelpunktbibliothek ""Ehm Welk""","Mo,Tu,Th 13:00-19:00; We,Fr 11:00-15:00",+49 30 9989526,,,http://www.stb-mh.de/Bibliothek-Ehm-Welk.html,,,Q28681447,Category:Ehm-Welk-Bibliothek (Berlin),,,,,,,,,,,,,,,,,,,,,,,,,,,,,,,,,,,,,,,,,,,,,,,,,,,,,,,,,,,,,,,,,,,,,,,,,,,,civic,flat,,,1,,,,,,,,,,,,,,,,,,,,,,,,,,,,,,,,,,,,,,,,,,,,,,,,,,
way,48957837,"POLYGON ((13.4458146 52.4367336, 13.4458188 52.4366337, 13.4462292 52.4366403, 13.446225 52.4367402, 13.4458146 52.4367336))",Berlin,DE,33,12359,Gutschmidtstraße,Britz,library,,2022-09-13,,Stadtbibliothek Neukölln - Margarete-Kubicka-Bibliothek,"Mo-Tu,Fr 13:00-19:00; We off; Th 08:30-16:00",,,,,limited,,Q125306858,,,+49 30 902391223,,,,britz-sued@stadtbibliothek-neukoelln.de,https://www.berlin.de/stadtbibliothek-neukoelln/bibliotheken/margarete-kubicka-bibliothek/,,,,,,,,,,,,,,,,,,,,,,,,,,,,,,,,,,,,,,,,,,,,,,,,,,,,,,,,,,,,,,,,,,,,,yes,,,,,,,,,,,,,,,,,,,,,,,,,,,,,,,,,,,,,,,,,,,,,,,,,,,,,,
way,48992634,"POLYGON ((13.3882832 52.4636654, 13.3882154 52.4636126, 13.3882282 52.463589, 13.3881923 52.4635614, 13.3881031 52.4634927, 13.388032 52.4634983, 13.3879765 52.4635027, 13.3879632 52.4635303, 13.3879207 52.4635332, 13.3878579 52.4635075, 13.3877418 52.4635162, 13.3877172 52.4635103, 13.3877052 52.4635364, 13.3877737 52.4635913, 13.3876932 52.4637183, 13.3874793 52.4637371, 13.3874787 52.4637603, 13.3875005 52.4637973, 13.3876888 52.4638449, 13.3877132 52.4638788, 13.3877374 52.4638775, 13.3877625 52.4638865, 13.387773 52.4638874, 13.3876737 52.4640282, 13.3877023 52.4640515, 13.3877211 52.4640567, 13.3878264 52.4640826, 13.3879683 52.4640726, 13.3880141 52.4640068, 13.3879348 52.4639857, 13.3879588 52.4639473, 13.3879222 52.463937, 13.3879299 52.4639251, 13.3879522 52.4639229, 13.3879758 52.4639207, 13.3881042 52.4637433, 13.3882296 52.4637297, 13.3882427 52.4637293, 13.3882832 52.4636654))",Berlin,DE,8-12,12099,Götzstraße,Tempelhof,library,2022-12-23,,,Bezirkszentralbibliothek Eva-Maria-Buch-Haus,Mo-Sa 10:00-19:00; Su 10:00-17:00,,DE-B713,,https://www.berlin.de/stadtbibliothek-tempelhof-schoeneberg/bibliotheken/bezirkszentralbibliothek/,yes,,Q55153703,Category:Bezirkszentralbibliothek Eva-Maria-Buch-Haus,,,wlan,no,,,,,,Stadt Berlin,,,,,,,,,,,,,,,,,,,,,,,,,,,,,,,,,,,,,,,,,,,,,,,,,,,,,,https://commons.wikimedia.org/wiki/File:Bezirkszentralbibliothek_Eva-Maria-Buch-Haus_G%C3%B6tzstra%C3%9Fe_Berlin-Tempelhof_04.jpg,,,,,,,,,,,,yes,,,,,,,,,,,,,,,,,,,,,,,,,,,,,,,,,,,,,,,,,,,,,,,,,,,,,,
way,61907910,"POLYGON ((13.4506134 52.4888623, 13.4506173 52.4888341, 13.4506359 52.4887023, 13.4506369 52.4886969, 13.4509083 52.4887113, 13.450885 52.488877, 13.4506134 52.4888623))",,,,,,,library,2025-07-10,,,Manfred-Bofinger-Bibliothek im Gerard Philipe,"Mo,Th 13:00-19:00; Tu,Fr 11:00-17:00; We,Sa-Su off",+49 30 53218166,,,https://www.berlin.de/stadtbibliothek-treptow-koepenick/bibliotheken/alt-treptow/,yes,,Q125306877,,,,,,,,,,,,,,,,,,,,,,,,,,,,,,,,,,,,,,,,,,,,,,,,,,,,,,,,,,,,,,,,,,,,,,,,,,,,,,,,,,,,,,,,,,,,,,,,,,,,,,yes,,,,,,,,,,,,,,,,,,,,,,,,,,,,,
way,77676093,"POLYGON ((13.2622764 52.4870598, 13.2622758 52.4870609, 13.2621868 52.487053, 13.2621968 52.4870107, 13.2621949 52.4870106, 13.2621972 52.4870006, 13.2622066 52.4870013, 13.2622173 52.4869558, 13.2622282 52.4869568, 13.2622278 52.4869578, 13.2622756 52.4869619, 13.262276 52.4869609, 13.2622867 52.4869618, 13.262281 52.4869864, 13.2624268 52.4869989, 13.2624095 52.4870724, 13.2624039 52.487072, 13.2623991 52.4870921, 13.2623462 52.4870875, 13.2623487 52.4870763, 13.262305 52.4870725, 13.2623075 52.4870625, 13.2622764 52.4870598))",Berlin,DE,5,14193,Auerbachstraße,Grunewald,library,,,,Berliner Blindenhörbücherei,"Mo-Th 09:30-12:30,13:00-15:00; Fr 09:30-12:30",,,,,,,,,,+49 30 826 31 11,,,,info@berliner-hoerbuecherei.de,https://bhb.absv.de/,,,Berliner Blindenhörbücherei gemeinnützige GmbH,,,,,,,,,,,,,,,,,+49 30 92 37 41 01,,,,,,,,,,,,,,,,,,,,,,,,,,,,,,,,,,,,,,,,,,,,,,,,,public,,,,1,,,,,,,,,,1,,,,,,,,,,,,Berliner Blindenhörbücherei gemeinnützige GmbH,,,,,,,,,,,,,,,,,,,,,,,,,,,,
way,79995213,"POLYGON ((13.2373523 52.4288043, 13.237237 52.4290207, 13.2378818 52.4291483, 13.2379971 52.428932, 13.2373523 52.4288043))",Berlin,DE,19 B,14163,Oertzenweg,Zehlendorf,library,,,Fachbereich Veterinärmedizin,Haus 6 (Bibliothek),Mo-Fr 08:00-18:00,+49 30 838 62636,DE-188-846,yes,https://www.vetmed.fu-berlin.de/bibliothek,yes,Automatiktür am Eingang. Im Haus Aufzug vorhanden.,,,,,,,,,,,,Freie Universität Berlin,,service.library@vetmed.fu-berlin.de,,,university,Q2496344,,no,yes,,,,,,,Bibliothek,,,,,,,,,,,,,,,,,,,,,,,,,,,,,,,,,,,,,,,,,,,,,,1998-06-30,,,,university,,,,,,,,,,,,,,,,,,,,,,,,,,,Haus 6,room,,,,,,,,,,,,,,,,,,,,,,,,,,
way,102523700,"POLYGON ((13.3792333 52.5535601, 13.3792317 52.5535531, 13.379235 52.553544, 13.3792464 52.5535367, 13.37926 52.5535331, 13.3792698 52.5535336, 13.3792764 52.5535349, 13.3792821 52.5535332, 13.3792168 52.5534315, 13.3792127 52.5534325, 13.3792097 52.5534274, 13.3792134 52.5534262, 13.3792084 52.5534187, 13.3791976 52.5534099, 13.3791978 52.5534006, 13.37921 52.5533945, 13.3792257 52.5533934, 13.3792846 52.5533793, 13.3793524 52.5534858, 13.3793595 52.5534829, 13.3793765 52.5535069, 13.3794093 52.5535052, 13.3794411 52.5535059, 13.3794754 52.5535087, 13.379473 52.5535171, 13.3795173 52.5535241, 13.3795559 52.5535349, 13.3795764 52.5535138, 13.379615 52.5535288, 13.3796539 52.5535488, 13.379687 52.5535714, 13.3797146 52.5535991, 13.3797367 52.5536288, 13.3797517 52.5536645, 13.3797568 52.5537093, 13.3797414 52.5537562, 13.3797203 52.5537883, 13.3796866 52.5538212, 13.3796559 52.5538076, 13.3796404 52.5538188, 13.3796384 52.5538179, 13.3796164 52.5538316, 13.3795913 52.5538436, 13.3796007 52.5538521, 13.3795467 52.5538716, 13.3795371 52.5538605, 13.3795034 52.5538681, 13.3794473 52.5537852, 13.3794218 52.5537907, 13.3793987 52.5537844, 13.3793829 52.5537573, 13.3793632 52.5537234, 13.3793438 52.5537298, 13.3793092 52.5536761, 13.3793072 52.5536766, 13.3792813 52.5536365, 13.3792478 52.5535845, 13.3792498 52.553584, 13.3792333 52.5535601))",Berlin,DE,39,13357,Badstraße,Gesundbrunnen,library,,2023-07-04,,Bibliothek am Luisenbad,Mo-Fr 10:00-19:30; Sa 10:00-14:00,+49 30 901845610,DE-B788,,https://www.berlin.de/stadtbibliothek-mitte/bibliotheken/bibliothek-am-luisenbad/,yes,2 rollstuhlgerechte WCs,Q23786640,Category:Bibliothek am Luisenbad,,,wlan,,,,,,,,,luisenbad@stb-mitte.de,,,,,,,,,,,Geoportal Berlin / Hausumringe,,,,,,,,,,,,,,Q26821734,,,,,,,,,,,,,,,,,,,,,,,,,,,,,,,,,,,,,,,civic,,,,2,,,,,,,,,,,,,,,,,,,,,,,,,1,,,,,,,,,,,,,,,,,,,,,,,,,
way,122700497,"POLYGON ((13.2389321 52.5428395, 13.2392456 52.5429219, 13.239271 52.5429703, 13.2392631 52.542983, 13.2392552 52.5429808, 13.2392214 52.5430291, 13.2390863 52.5429917, 13.2390835 52.542997, 13.2389242 52.5429548, 13.2388608 52.542938, 13.2389321 52.5428395))",,,,,,,library,,,,Stadtteilbibliothek Haselhorst,"Mo,Th 13:00-19:00; Tu,We,Fr 13:00-17:00",,,,,,,,,,,,,,,,,,,,,,,,,,,,,,,,,,,,,,,,,,,,,,,,,,,,,,,,,,,,,,,,,,,,,,,,,,,,,,,,,,,,retail,,,,,,,,,,,,,,,,,,,,,,,,,,,,,,,,,,,,,,,,,,,,,,,,,,,,,,
way,139631213,"POLYGON ((13.5793625 52.4457935, 13.5793737 52.4457953, 13.5793999 52.4457344, 13.5794103 52.4457102, 13.5793742 52.4457033, 13.5793617 52.4457281, 13.5792419 52.445709, 13.5792166 52.4457678, 13.5792376 52.4457711, 13.579217 52.4458224, 13.5788137 52.445757, 13.5787954 52.4457901, 13.578739 52.4459212, 13.5792711 52.4460061, 13.5793409 52.4458436, 13.5793625 52.4457935))",Berlin,DE,2,12555,Alter Markt,Köpenick,library,,,,Mittelpunktbibliothek,"Mo,Tu,Th,Fr 10:00-19:00; We 13:00-19:00; Sa 10:00-19:00; PH off",+49 30 902973415,,yes,,yes,,Q28650367,,,,,,,,https://www.berlin.de/stadtbibliothek-treptow-koepenick/bibliotheken/mittelpunktbibliothek-koepenick/,,,,,mpb.k@sb-tk.de,,,,,,,,,,,HiRes aerial imagery;knowledge,,,,,,+49 30 902973435,,,,,,,,,,,,,,,,,,,,,,,,,,,,,,,,,,,,,,,,,,,,,,,public,many,,,3,,,,,,,,,,,,,,,,,,,,,,,,,,,,,,,,,,,,,,,,,,,,,,,,,,
way,183011718,"POLYGON ((13.2760381 52.4495549, 13.276303 52.4493087, 13.2761811 52.449257, 13.2759001 52.4494964, 13.2760381 52.4495549))",Berlin,DE,55,14195,Garystraße,Dahlem,library,,,,"Bibliothek für Sozialwissenschaften und Osteuropastudien, Leihstelle",,,,,,yes,,,,,,,,,,,,,Freie Universität Berlin,,,,,university,Q2496344,,,,,,,,,,,,,,,,,,,,,,,,,,,,,,,,,,,,,,,,,,,,,,,,,,,,,,,,,,,,,,,,,,,,,,,,,,,,,,,,,,,,,,,,,,,,,,,,,,,,,,,,,,,,,,,,,,
way,362827350,"POLYGON ((13.357553 52.5467151, 13.3572563 52.5465289, 13.3570032 52.5463702, 13.357154 52.5462813, 13.3576804 52.5466115, 13.357644 52.5466329, 13.3576684 52.5466482, 13.3576361 52.5466673, 13.3576114 52.5466518, 13.357583 52.5466685, 13.3576067 52.5466834, 13.357553 52.5467151))",Berlin,DE,149,13353,Müllerstraße,Wedding,library,2025-10-13,2024-06-11,,Schiller-Bibliothek,Mo-Fr 10:00-19:30; Sa 10:00-14:00; Su 12:00-18:00,+49 30 9018-456 83,DE-B718,yes,http://www.berlin.de/stadtbibliothek-mitte/bibliotheken/schiller-bibliothek-mit-hugojugendmedienetage/,yes,,Q23786107,Category:Schiller-Bibliothek,de:Schiller-Bibliothek,,wlan,no,hotsplots,,,,,http://voebb.de,,,,,,,,,yes,,,,,,,,,,,,,,,,,,,,,Schiller-Bibliothek mit @hugo-Jugendmedienetage,,,,,,,,,,,,,,,,,,,,,,,,,,,,,,,,,,,,public,,,,3,,,,,,,,,,,,,,,,,,,,,,,,,,yes,yes,yes,yes,yes,yes,,,,,,,,,,,,,,,,,,,
way,381241376,"POLYGON ((13.3455024 52.4882171, 13.3455462 52.4881115, 13.3458233 52.4881544, 13.3458281 52.4881493, 13.3458486 52.4881526, 13.3458675 52.4881557, 13.3458554 52.4881836, 13.3460105 52.4882088, 13.3459623 52.4882777, 13.3458322 52.4882556, 13.3458273 52.4882673, 13.3455024 52.4882171))",Berlin,DE,77,10825,Martin-Luther-Straße,Schöneberg,library,,,,Thomas-Dehler-Bibliothek,Tu-Fr 15:00-19:00; Sa 12:00-14:00,,,,,limited,,Q125306895,,,+49 30 902776496,,,,,https://www.berlin.de/stadtbibliothek-tempelhof-schoeneberg/bibliotheken/thomas-dehler-bibliothek/,,,Freundeskreis der Thomas-Dehler-Bibliothek e.V.,,,,,private_non_profit,,,,,,,,,,,,+49 30 902776496,,,,,,,,,,,,,,,,,,,,,,,,,,,,,,,,,,,,,,,,,,,,,,,,,civic,flat,,white,1,plaster,,,,,,,,,0,grey,,,,,,,,,,,,,,,,,,,,,,,,,,,,,,,,,,,,,,,
way,396710862,"POLYGON ((13.2552337 52.4321958, 13.2553321 52.431926, 13.255446 52.4319414, 13.2554562 52.4319134, 13.2556498 52.4319397, 13.2556368 52.4319753, 13.2556646 52.431979, 13.2556552 52.4320049, 13.2556457 52.432031, 13.2556179 52.4320272, 13.2555822 52.4321248, 13.2557511 52.4321476, 13.25571 52.4322604, 13.2552337 52.4321958))",Berlin,DE,1,14163,Nentershäuser Platz,Zehlendorf,library,,,,Gottfried-Benn-Bibliothek,"Mo-Fr 11:00-19:00; Sa 10:00-14:00; Su, PH off",,DE-B712,no,https://www.berlin.de/stadtbibliothek-steglitz-zehlendorf/bibliotheken/gottfried-benn-bibliothek/,limited,,Q28681436,,,+49 30 902 995458,,,,stb.zehlendorf@ba-sz.berlin.de,https://www.berlin.de/stadtbibliothek-steglitz-zehlendorf/bibliotheken/gottfried-benn-bibliothek/,,,Bezirksamt Steglitz-Zehlendorf,,,,,government,,,,,,,,,,,,,,,,,,,,,,,,,,,,,Stadtbücherei Zehlendorf,,,,,,,,,,,,,,,,,,,,,,,,,,,,,,,,yes,,,,,,,,,,,,,,,,,,,,,,,,,,,,,,,,,,,,,,,,,,,,,,,,,,,,,,
way,412968438,"POLYGON ((13.3549018 52.544804, 13.3549635 52.5448362, 13.355023 52.5448672, 13.3550103 52.5448762, 13.3550378 52.5448905, 13.3549802 52.5449313, 13.3549924 52.5449377, 13.3549767 52.5449488, 13.3550738 52.5449999, 13.3548986 52.5451243, 13.3550332 52.5451944, 13.3550081 52.5452122, 13.3549346 52.545265, 13.3549075 52.5452836, 13.3548678 52.5452629, 13.3548295 52.5452906, 13.3546763 52.5452131, 13.3546734 52.5451822, 13.3546866 52.5451728, 13.3546678 52.5451633, 13.3546485 52.5451536, 13.3546036 52.545131, 13.3547333 52.545039, 13.3546382 52.5449916, 13.3549018 52.544804))",Berlin,DE,,13353,Luxemburger Straße,Wedding,library,,2025-04-09,,Campusbibliothek,"Mo,We,Fr 10:00-16:00; Tu,Th 10:00-18:00; PH off",+49 30 4504 2507,DE-B768,,https://www.bht-berlin.de/bibliothek,yes,,,,,,wlan,customers,,,,,,Berliner Hochschule für Technik,,leihfr@bht-berlin.de,,,university,,E14,,,,,0,,,,,,,,,,,,,,,,,,,,,,,,,,,,,room,,,,,,,,,,,,,,,,,,,,,,,,,,,,,,,,,,,,,,,,,,,,,,,,,,,,,,,,,,,,,library,,,,,,,,,,,,,,,,,,
way,569067822,"POLYGON ((13.4011408 52.5212002, 13.4012367 52.5210938, 13.4012557 52.5210727, 13.4012588 52.5210692, 13.4013564 52.520961, 13.4014792 52.5210019, 13.4015314 52.5210193, 13.4016009 52.5210425, 13.4015002 52.5211543, 13.4013854 52.5212818, 13.4013605 52.5212735, 13.4012467 52.5212355, 13.4011408 52.5212002))",Berlin,DE,1,10178,Anna-Louisa-Karsch-Straße,Mitte,library,,,Zur Nutzung der Garderobenschränke bitte ein Vorhängeschloss mitbringen.,Humboldt-Universität zu Berlin Universitätsbibliothek Zweigbibliothek Theologie,"Mo-Fr 09:00-20:00 || Mo-Fr 09:00-18:00 ""in der vorlesungsfreien Zeit""",,DE-11-133,,,yes,,Q73146656,,,+49 30 2093-91800,wlan,no,,theol@ub.hu-berlin.de,https://www.ub.hu-berlin.de/de/standorte/zwbtheologie,,,Universitätsbibliothek der Humboldt-Universität zu Berlin,,,,Humboldt University of Berlin University Library Theology Branch Library,university,Q1407819,,,,,,-1;0;1;2;3,,,,,,,,,,yes,,,,,,,,,,,,,,,,,,,,,,,,,,,,,,,,,,,,,,,,,,,,,,,,,,,,,,,,,,,,,,,,,,,,,,,,,,,,,,,,,,,,,,,,,,,,,,,,,,
way,739645082,"POLYGON ((13.4480243 52.5053701, 13.4479733 52.505302, 13.4482343 52.5052249, 13.4482631 52.5052604, 13.4483395 52.5052374, 13.4483715 52.5052278, 13.4484004 52.5052641, 13.4484278 52.505255, 13.4484412 52.5052715, 13.4484993 52.5052539, 13.448254 52.5049388, 13.4481557 52.5049662, 13.4481934 52.5050113, 13.4481737 52.5050171, 13.44808 52.5050446, 13.4481256 52.5051024, 13.447889 52.5051716, 13.4477228 52.504961, 13.4477505 52.5049529, 13.4476889 52.5048721, 13.4474922 52.5049298, 13.4478243 52.5053594, 13.4480243 52.5053701))",Berlin,DE,34-38,10243,Warschauer Straße,,library,2025-07-01,,,Bibliothek für Bildungsgeschichtliche Forschung,Mo-Fr 10:00-18:00,,,,,yes,,Q856552,,de:Bibliothek für Bildungsgeschichtliche Forschung,+49 3029336012,wlan,no,,,https://bbf.dipf.de,,,Deutsches Institut für Internationale Pädagogische Forschung (DIPF),,info@dipf.de,BBF,,public,,,no,,,,1,,,,,,,,,,,,,,,,,,,,DIPF-Guest,,,,,,,,,,,,,,,,,,,,,,,,DE114237569,,,,,,,bildungsforschung.dipf,dipf_aktuell,,,,,,,,,,,,,,,,,,,,,,,,,,,,,,,,,,,,,,,@bbf_dipfberlin@eduresearch.social,797964788270984,yes,,,,,,,,,,,,,,,
way,854062274,"POLYGON ((13.3110957 52.4383059, 13.3110644 52.4383268, 13.3110113 52.4382972, 13.3109612 52.4382694, 13.3109925 52.4382485, 13.3110957 52.4383059))",,,,,,,library,,,,Schulbibliothek Bücherwagen,,,,,,,,,,,,,,,,,,,Anna-Essinger-Gemeinischaftsschule,,,,,,,,,,,,,,,,,,,,,,,,,,,,,,,,,,,,,,,,,,,,,,,,,,,,,,,,,,,,,,,,,,,,,,,,,,,,,,,,,,,,,,,,,,,,,,,,,,,,,,,,,,,,,,,,,,,,,,,,
way,905949659,"POLYGON ((13.5141828 52.4538179, 13.514313 52.4538895, 13.5144773 52.4540633, 13.5140063 52.4542305, 13.5139468 52.4541971, 13.5139522 52.4541935, 13.5139216 52.4541762, 13.5139448 52.4541605, 13.5139982 52.4541246, 13.51403 52.4541417, 13.5142003 52.4540262, 13.514079 52.4539595, 13.5140205 52.4539276, 13.5141828 52.4538179))",Berlin,DE,9,12439,Michael-Brückner-Straße,Niederschöneweide,library,,,,Mittelpunktbibliothek Treptow,Mo-Tu 10:00-20:00; We 13:00-20:00; Th-Fr 10:00-20:00; Sa 10:00-14:00,,DE-B459,,,yes,,Q28650388,Category:Stadtbibliothek Treptow-Köpenick,,+49 30 90297 6800,,,,mpb.t@sb-tk.de,https://www.berlin.de/stadtbibliothek-treptow-koepenick/bibliotheken/mittelpunktbibliothek-treptow/,,,Verbund der Öffentlichen Bibliotheken Berlins,,,,,public,,,,,,,,Geoportal Berlin / ALKIS Berlin - Gebäude,,,,+49 30 90297 6804,,,,,,,,,,,,,,,,,,,,,,,,,,,,,,,,,,,,,,,,,,,,,,,,,,,,,2,,,,,,,,,,,,,,,,,,,,,yes,,,,,,,,,,,,,,,,,,,,,,,,,,,,,
